date,draw_number,n1,n2,n3,n4,n5,n6
12/31/2025,2547,3,23,11,33,26,1
12/27/2025,2546,2,19,27,26,14,23
12/24/2025,2545,18,2,33,23,17,28
12/20/2025,2544,17,14,31,2,33,19
12/17/2025,2543,27,15,22,8,18,4
12/13/2025,2542,24,39,7,18,21,10
12/10/2025,2541,13,31,27,5,32,6
12/6/2025,2540,29,4,35,17,31,37
12/3/2025,2539,9,30,40,38,24,3
11/29/2025,2538,37,19,8,33,29,11
11/26/2025,2537,5,4,32,34,9,21
11/22/2025,2536,10,2,12,28,6,30
11/19/2025,2535,10,18,29,2,25,31
11/15/2025,2534,38,28,2,5,14,19
11/12/2025,2533,30,18,10,27,4,19
11/8/2025,2532,13,24,28,4,22,2
11/5/2025,2531,25,3,9,4,29,40
11/1/2025,2530,9,26,35,5,7,4
10/29/2025,2529,30,4,14,24,13,33
10/25/2025,2528,22,24,20,3,37,36
10/22/2025,2527,37,3,31,12,9,15
10/18/2025,2526,37,32,10,26,20,33
10/15/2025,2525,17,40,14,38,15,12
10/11/2025,2524,37,7,11,40,24,39
10/8/2025,2523,5,11,17,32,30,34
10/4/2025,2522,14,25,24,27,32,17
10/1/2025,2521,10,32,27,22,2,38
9/27/2025,2520,15,19,17,35,10,6
9/24/2025,2519,26,20,31,36,24,10
9/20/2025,2518,23,21,13,32,22,9
9/17/2025,2517,37,14,12,6,20,33
9/13/2025,2516,40,21,34,32,14,8
9/10/2025,2515,27,35,14,18,26,13
9/6/2025,2514,18,17,32,27,6,40
9/3/2025,2513,38,28,4,2,10,1
8/30/2025,2512,13,4,40,33,9,15
8/27/2025,2511,32,13,21,14,9,12
8/23/2025,2510,13,16,25,17,31,24
8/20/2025,2509,16,11,7,37,12,27
8/16/2025,2508,33,39,38,28,34,6
8/13/2025,2507,10,9,15,22,27,35
8/9/2025,2506,19,21,11,35,6,33
8/6/2025,2505,10,14,12,20,1,11
8/2/2025,2504,19,29,28,40,31,3
7/30/2025,2503,33,5,10,27,38,28
7/26/2025,2502,18,37,30,9,29,34
7/23/2025,2501,4,24,20,9,14,26
7/19/2025,2500,6,16,4,37,33,12
7/16/2025,2499,31,26,33,28,8,19
7/12/2025,2498,20,29,18,13,17,8
7/9/2025,2497,39,32,38,20,28,36
7/5/2025,2496,6,20,25,14,9,32
7/2/2025,2495,4,26,3,40,27,6
6/28/2025,2494,10,31,34,21,2,22
6/25/2025,2493,20,16,40,35,11,6
6/21/2025,2492,11,35,3,20,19,27
6/18/2025,2491,28,6,11,32,23,33
6/14/2025,2490,1,13,7,23,2,34
6/11/2025,2489,5,18,32,9,11,16
6/7/2025,2488,2,16,6,22,11,34
6/4/2025,2487,35,11,9,14,10,6
5/31/2025,2486,1,2,34,29,35,32
5/28/2025,2485,25,40,18,1,10,15
5/24/2025,2484,36,1,7,38,29,27
5/21/2025,2483,6,24,5,37,3,27
5/17/2025,2482,15,25,22,6,2,19
5/14/2025,2481,6,28,27,8,1,21
5/10/2025,2480,17,22,4,27,35,14
5/7/2025,2479,18,11,9,26,13,36
5/3/2025,2478,13,22,21,23,11,1
4/30/2025,2477,12,14,38,20,24,1
4/26/2025,2476,23,5,40,13,11,2
4/23/2025,2475,10,31,24,19,22,40
4/19/2025,2474,29,1,4,11,9,23
4/16/2025,2473,10,39,4,9,32,25
4/12/2025,2472,23,10,15,22,32,13
4/9/2025,2471,14,21,33,8,24,15
4/5/2025,2470,38,27,37,21,39,3
4/2/2025,2469,40,29,33,14,26,25
3/29/2025,2468,14,4,36,21,15,11
3/26/2025,2467,12,18,8,29,22,31
3/22/2025,2466,6,12,5,24,26,19
3/19/2025,2465,13,27,25,26,4,1
3/15/2025,2464,12,10,4,29,27,36
3/12/2025,2463,31,25,29,33,9,1
3/8/2025,2462,23,11,5,38,39,12
3/5/2025,2461,6,17,33,9,11,14
3/1/2025,2460,2,17,20,22,30,27
2/26/2025,2459,29,22,11,23,21,38
2/22/2025,2458,4,8,10,16,23,33
2/19/2025,2457,21,13,24,18,11,38
2/15/2025,2456,16,21,5,13,37,14
2/12/2025,2455,2,34,28,33,10,31
2/8/2025,2454,9,15,7,12,1,33
2/5/2025,2453,1,37,18,21,5,11
2/1/2025,2452,34,24,30,4,1,39
1/29/2025,2451,3,40,15,1,27,16
1/25/2025,2450,34,9,1,17,23,38
1/22/2025,2449,25,5,10,1,20,16
1/18/2025,2448,13,12,38,34,26,21
1/15/2025,2447,37,3,34,9,40,20
1/11/2025,2446,10,40,7,13,22,37
1/8/2025,2445,20,32,33,14,34,15
1/4/2025,2444,28,31,2,16,36,20
1/1/2025,2443,27,8,17,21,16,23
12/28/2024,2442,9,2,36,19,30,26
12/25/2024,2441,31,15,18,29,6,13
12/21/2024,2440,2,24,3,21,9,33
12/18/2024,2439,13,35,3,14,31,23
12/14/2024,2438,14,32,21,24,17,10
12/11/2024,2437,32,19,25,39,35,18
12/7/2024,2436,27,16,3,24,7,29
12/4/2024,2435,23,35,17,6,7,20
11/30/2024,2434,27,28,25,3,17,10
11/27/2024,2433,25,27,39,12,28,17
11/23/2024,2432,22,27,3,40,17,29
11/20/2024,2431,40,15,38,7,30,20
11/16/2024,2430,28,12,5,39,3,19
11/13/2024,2429,11,30,38,29,3,32
11/9/2024,2428,2,28,18,16,12,13
11/6/2024,2427,31,38,30,17,7,40
11/2/2024,2426,5,13,21,39,33,29
10/30/2024,2425,10,31,25,36,22,24
10/26/2024,2424,28,25,1,26,10,17
10/23/2024,2423,32,17,28,30,21,12
10/19/2024,2422,15,20,26,21,30,2
10/16/2024,2421,18,40,17,5,11,6
10/12/2024,2420,28,20,24,10,11,33
10/9/2024,2419,10,1,3,38,32,24
10/5/2024,2418,3,36,11,12,30,2
10/2/2024,2417,12,10,39,22,28,31
9/28/2024,2416,12,16,28,34,24,35
9/25/2024,2415,5,30,2,17,27,3
9/21/2024,2414,25,19,12,21,36,10
9/18/2024,2413,1,8,34,5,37,19
9/14/2024,2412,22,18,15,31,3,32
9/11/2024,2411,22,15,10,3,26,19
9/7/2024,2410,40,4,9,33,2,8
9/4/2024,2409,9,36,16,35,31,28
8/31/2024,2408,16,39,14,8,34,24
8/28/2024,2407,37,31,1,4,35,20
8/24/2024,2406,5,10,25,38,14,19
8/21/2024,2405,7,38,30,17,12,16
8/17/2024,2404,36,7,37,33,34,22
8/14/2024,2403,12,29,32,25,5,24
8/10/2024,2402,24,17,25,30,6,3
8/7/2024,2401,40,30,29,15,31,13
8/3/2024,2400,17,28,29,27,19,1
7/31/2024,2399,8,17,25,36,33,31
7/27/2024,2398,14,38,34,1,10,12
7/24/2024,2397,38,29,1,18,31,11
7/20/2024,2396,25,30,10,4,40,2
7/17/2024,2395,13,6,34,7,33,31
7/13/2024,2394,11,19,15,31,13,38
7/10/2024,2393,2,7,40,23,30,16
7/6/2024,2392,16,9,12,17,24,28
7/3/2024,2391,28,34,35,37,27,12
6/29/2024,2390,32,7,34,8,1,35
6/26/2024,2389,36,34,12,32,39,16
6/22/2024,2388,30,1,10,31,17,3
6/19/2024,2387,2,16,26,18,8,23
6/15/2024,2386,3,38,40,8,20,13
6/12/2024,2385,16,19,7,30,9,35
6/8/2024,2384,22,35,10,30,21,37
6/5/2024,2383,13,15,23,22,33,2
6/1/2024,2382,34,39,15,20,33,38
5/29/2024,2381,10,27,8,16,35,29
5/25/2024,2380,10,28,7,37,33,39
5/22/2024,2379,21,10,19,36,39,29
5/18/2024,2378,20,40,13,31,21,22
5/15/2024,2377,13,28,6,37,21,11
5/11/2024,2376,11,19,32,38,35,31
5/8/2024,2375,12,28,17,13,6,29
5/4/2024,2374,11,13,20,15,38,30
5/1/2024,2373,14,17,34,12,25,20
4/27/2024,2372,16,21,6,5,4,12
4/24/2024,2371,37,27,21,34,19,30
4/20/2024,2370,5,30,26,23,33,32
4/17/2024,2369,1,2,14,17,15,19
4/13/2024,2368,14,20,33,31,11,36
4/10/2024,2367,8,21,24,12,17,11
4/6/2024,2366,2,21,30,10,5,6
4/3/2024,2365,17,16,29,9,30,11
3/30/2024,2364,30,3,40,29,32,20
3/27/2024,2363,38,8,6,25,15,12
3/23/2024,2362,37,11,7,28,16,9
3/20/2024,2361,1,21,18,32,23,37
3/16/2024,2360,17,33,20,7,38,5
3/13/2024,2359,15,5,24,36,30,23
3/9/2024,2358,15,34,22,24,36,12
3/6/2024,2357,17,27,38,35,33,13
3/2/2024,2356,28,40,5,29,1,6
2/28/2024,2355,5,30,26,28,13,34
2/24/2024,2354,16,35,6,36,13,38
2/21/2024,2353,28,1,20,22,34,24
2/17/2024,2352,22,6,10,34,5,24
2/14/2024,2351,40,32,27,22,26,25
2/10/2024,2350,10,33,40,5,28,17
2/7/2024,2349,3,38,24,2,37,27
2/3/2024,2348,17,35,11,16,1,20
1/31/2024,2347,40,10,6,36,2,25
1/27/2024,2346,8,20,25,32,11,13
1/24/2024,2345,40,12,26,13,3,5
1/20/2024,2344,23,33,18,21,17,3
1/17/2024,2343,25,1,12,18,40,3
1/13/2024,2342,5,15,27,9,12,7
1/10/2024,2341,4,13,34,28,12,5
1/6/2024,2340,29,25,16,31,8,37
1/3/2024,2339,35,13,15,23,22,10
12/30/2023,2338,17,10,25,38,15,33
12/27/2023,2337,13,4,21,7,16,9
12/23/2023,2336,38,30,14,12,35,40
12/20/2023,2335,15,38,40,2,37,26
12/16/2023,2334,7,37,1,31,35,23
12/13/2023,2333,34,40,24,10,21,4
12/9/2023,2332,16,4,30,27,22,24
12/6/2023,2331,40,27,34,36,23,17
12/2/2023,2330,18,34,1,33,36,16
11/29/2023,2329,14,36,5,2,3,9
11/25/2023,2328,13,35,37,31,16,33
11/22/2023,2327,16,19,3,34,25,9
11/18/2023,2326,12,33,11,27,7,39
11/15/2023,2325,36,17,7,12,19,34
11/11/2023,2324,19,23,5,40,39,31
11/8/2023,2323,2,25,20,11,39,3
11/4/2023,2322,12,10,23,25,24,11
11/1/2023,2321,6,28,13,2,32,26
10/28/2023,2320,35,14,2,36,24,22
10/25/2023,2319,10,21,9,26,35,20
10/21/2023,2318,40,29,13,26,33,8
10/18/2023,2317,36,11,40,13,6,28
10/14/2023,2316,9,36,20,6,12,4
10/11/2023,2315,1,14,7,12,19,31
10/7/2023,2314,28,34,25,38,36,5
10/4/2023,2313,26,8,14,19,23,13
9/30/2023,2312,1,27,31,22,29,21
9/27/2023,2311,27,3,9,19,6,11
9/23/2023,2310,15,37,28,25,27,40
9/20/2023,2309,12,37,27,29,38,4
9/16/2023,2308,34,13,35,32,5,20
9/13/2023,2307,40,21,33,16,1,2
9/9/2023,2306,37,8,4,24,17,32
9/6/2023,2305,25,22,32,26,36,13
9/2/2023,2304,39,6,36,5,1,20
8/30/2023,2303,17,30,40,9,22,36
8/26/2023,2302,23,36,22,26,30,39
8/23/2023,2301,1,14,17,24,15,18
8/19/2023,2300,26,28,5,18,39,31
8/16/2023,2299,17,29,7,19,38,36
8/12/2023,2298,23,15,31,19,20,33
8/9/2023,2297,13,40,35,14,4,34
8/5/2023,2296,24,18,28,32,26,23
8/2/2023,2295,27,23,28,32,6,25
7/29/2023,2294,13,34,4,18,21,10
7/26/2023,2293,25,23,17,19,27,37
7/22/2023,2292,22,3,25,24,4,12
7/19/2023,2291,38,6,28,23,20,35
7/15/2023,2290,7,34,24,15,21,11
7/12/2023,2289,34,29,37,22,8,36
7/8/2023,2288,8,25,32,10,18,6
7/5/2023,2287,36,26,7,38,29,4
7/1/2023,2286,30,24,34,25,23,9
6/28/2023,2285,33,31,15,5,4,8
6/24/2023,2284,23,21,6,22,7,40
6/21/2023,2283,28,16,8,10,32,4
6/17/2023,2282,2,13,10,17,19,21
6/14/2023,2281,9,3,22,37,2,18
6/10/2023,2280,2,23,10,15,24,40
6/7/2023,2279,24,37,15,34,6,30
6/3/2023,2278,3,6,19,29,25,4
5/31/2023,2277,3,11,25,21,14,18
5/27/2023,2276,17,15,21,4,29,22
5/24/2023,2275,5,33,28,30,38,17
5/20/2023,2274,37,32,40,31,14,38
5/17/2023,2273,12,13,20,23,2,38
5/13/2023,2272,18,19,34,16,7,17
5/10/2023,2271,20,31,4,38,22,35
5/6/2023,2270,25,15,10,18,8,27
5/3/2023,2269,11,33,39,20,8,30
4/29/2023,2268,25,40,36,27,4,8
4/26/2023,2267,23,15,40,36,29,3
4/22/2023,2266,34,12,21,13,1,18
4/19/2023,2265,25,27,13,2,33,3
4/15/2023,2264,19,35,2,23,1,29
4/12/2023,2263,12,10,28,19,1,35
4/8/2023,2262,31,24,12,36,34,37
4/5/2023,2261,17,28,14,25,5,38
4/1/2023,2260,20,33,18,10,7,40
3/29/2023,2259,35,23,24,14,37,36
3/25/2023,2258,19,5,28,8,4,31
3/22/2023,2257,33,29,38,7,16,32
3/18/2023,2256,37,17,4,27,38,11
3/15/2023,2255,33,4,5,3,39,24
3/11/2023,2254,37,19,6,39,26,28
3/8/2023,2253,1,17,2,39,23,9
3/4/2023,2252,11,19,21,25,35,34
3/1/2023,2251,15,34,26,35,17,14
2/25/2023,2250,28,18,22,32,30,14
2/22/2023,2249,31,25,23,30,2,1
2/18/2023,2248,20,22,5,16,33,4
2/15/2023,2247,24,7,28,39,27,26
2/11/2023,2246,36,28,32,14,5,34
2/8/2023,2245,29,18,15,2,10,24
2/4/2023,2244,19,21,13,40,11,36
2/1/2023,2243,11,31,39,3,1,9
1/28/2023,2242,27,16,17,13,28,22
1/25/2023,2241,11,30,24,12,5,18
1/21/2023,2240,37,35,28,4,40,19
1/18/2023,2239,28,35,4,7,1,23
1/14/2023,2238,20,5,38,28,29,32
1/11/2023,2237,18,22,24,33,9,10
1/7/2023,2236,1,7,15,24,30,3
1/4/2023,2235,9,23,13,25,16,5
12/31/2022,2234,36,23,19,33,13,34
12/28/2022,2233,33,1,37,27,3,11
12/24/2022,2232,30,4,3,2,31,19
12/21/2022,2231,37,14,26,34,18,7
12/17/2022,2230,21,24,8,10,20,33
12/14/2022,2229,9,31,26,33,32,22
12/10/2022,2228,5,36,19,24,7,9
12/7/2022,2227,13,8,23,40,25,9
12/3/2022,2226,21,33,9,12,19,1
11/30/2022,2225,21,8,12,28,10,4
11/26/2022,2224,5,31,38,3,27,29
11/23/2022,2223,29,16,39,15,20,14
11/19/2022,2222,12,23,4,26,27,6
11/16/2022,2221,24,2,40,34,23,13
11/12/2022,2220,40,22,26,25,13,37
11/9/2022,2219,24,11,26,32,20,10
11/5/2022,2218,18,27,22,17,12,25
11/2/2022,2217,24,22,28,31,20,12
10/29/2022,2216,17,33,20,32,26,39
10/26/2022,2215,21,7,29,15,39,22
10/22/2022,2214,6,15,34,29,9,33
10/19/2022,2213,25,30,17,12,32,10
10/15/2022,2212,33,2,15,10,4,8
10/12/2022,2211,37,22,15,39,9,27
10/8/2022,2210,31,12,25,4,10,40
10/5/2022,2209,16,2,34,8,9,25
10/1/2022,2208,29,31,4,32,33,16
9/28/2022,2207,37,31,3,1,20,6
9/24/2022,2206,25,27,15,7,26,23
9/21/2022,2205,28,8,27,24,13,35
9/17/2022,2204,38,9,3,37,34,12
9/14/2022,2203,31,4,18,34,27,5
9/10/2022,2202,17,2,10,33,14,21
9/7/2022,2201,19,12,38,21,26,5
9/3/2022,2200,39,16,19,12,38,24
8/31/2022,2199,8,24,14,13,31,33
8/27/2022,2198,21,35,12,30,32,39
8/24/2022,2197,30,18,24,34,29,6
8/20/2022,2196,13,6,28,31,33,38
8/17/2022,2195,32,27,11,20,5,1
8/13/2022,2194,30,19,24,36,28,23
8/10/2022,2193,20,2,29,1,32,33
8/6/2022,2192,13,38,37,29,21,39
8/3/2022,2191,7,25,2,28,27,35
7/30/2022,2190,12,16,6,24,23,36
7/27/2022,2189,15,32,19,13,28,20
7/23/2022,2188,11,7,1,8,33,26
7/20/2022,2187,28,5,24,22,25,19
7/16/2022,2186,31,3,18,34,16,30
7/13/2022,2185,15,9,40,3,6,2
7/9/2022,2184,32,38,23,22,24,2
7/6/2022,2183,31,38,24,35,28,10
7/2/2022,2182,7,23,26,4,33,27
6/29/2022,2181,25,27,28,29,10,7
6/25/2022,2180,33,39,4,37,20,40
6/22/2022,2179,5,2,29,9,22,34
6/18/2022,2178,13,6,33,38,17,15
6/15/2022,2177,21,25,9,12,22,35
6/11/2022,2176,3,4,24,5,40,21
6/8/2022,2175,32,11,10,19,17,36
6/4/2022,2174,10,30,31,5,36,19
6/1/2022,2173,2,35,5,9,25,6
5/28/2022,2172,13,26,30,31,10,17
5/25/2022,2171,1,20,14,33,29,3
5/21/2022,2170,12,19,39,28,15,40
5/18/2022,2169,1,37,29,23,31,7
5/14/2022,2168,35,3,18,7,5,31
5/11/2022,2167,28,22,25,37,33,21
5/7/2022,2166,14,31,39,16,24,5
5/4/2022,2165,19,21,28,5,26,31
4/30/2022,2164,38,15,29,22,2,6
4/27/2022,2163,12,19,16,37,24,25
4/23/2022,2162,3,32,23,19,13,30
4/20/2022,2161,19,34,3,17,4,15
4/16/2022,2160,23,22,4,30,21,37
4/13/2022,2159,4,39,32,40,5,31
4/9/2022,2158,36,35,28,13,4,27
4/6/2022,2157,27,10,37,7,38,31
4/2/2022,2156,30,17,9,2,38,18
3/30/2022,2155,15,5,22,4,40,6
3/26/2022,2154,25,23,5,11,20,2
3/23/2022,2153,23,16,24,1,5,39
3/19/2022,2152,30,17,40,23,31,20
3/16/2022,2151,15,14,4,35,11,24
3/12/2022,2150,5,28,26,22,23,34
3/9/2022,2149,5,39,15,16,28,13
3/5/2022,2148,25,27,12,18,6,5
3/2/2022,2147,3,32,38,16,6,23
2/26/2022,2146,1,21,20,27,36,26
2/23/2022,2145,10,27,30,17,12,29
2/19/2022,2144,29,24,6,17,32,14
2/16/2022,2143,5,40,38,7,34,33
2/12/2022,2142,15,33,11,8,27,32
2/9/2022,2141,34,22,3,35,12,31
2/5/2022,2140,33,5,11,12,39,22
2/2/2022,2139,9,29,25,39,16,32
1/29/2022,2138,25,19,36,12,29,16
1/26/2022,2137,38,25,6,34,15,36
1/22/2022,2136,11,25,2,13,27,4
1/19/2022,2135,11,23,13,2,32,4
1/15/2022,2134,17,30,21,13,20,34
1/12/2022,2133,8,24,20,25,32,13
1/8/2022,2132,24,38,23,16,15,14
1/5/2022,2131,17,32,38,9,15,37
1/1/2022,2130,23,3,20,19,6,29
12/29/2021,2129,39,5,7,13,12,40
12/25/2021,2128,5,1,3,38,11,12
12/22/2021,2127,29,35,18,12,17,36
12/18/2021,2126,6,13,3,14,4,17
12/15/2021,2125,27,29,19,4,23,9
12/11/2021,2124,34,15,20,36,24,31
12/8/2021,2123,32,12,28,10,36,5
12/4/2021,2122,2,29,21,39,24,9
12/1/2021,2121,11,10,31,15,6,28
11/27/2021,2120,31,20,8,26,37,17
11/24/2021,2119,20,4,2,13,6,36
11/20/2021,2118,24,2,3,17,28,4
11/17/2021,2117,34,30,6,39,10,7
11/13/2021,2116,30,6,18,25,16,39
11/10/2021,2115,21,9,18,12,40,37
11/6/2021,2114,26,18,37,5,20,31
11/3/2021,2113,17,10,35,25,33,15
10/30/2021,2112,5,8,7,17,40,21
10/27/2021,2111,28,36,27,31,32,38
10/23/2021,2110,32,13,21,26,18,12
10/20/2021,2109,4,19,3,31,2,7
10/16/2021,2108,28,7,40,32,2,19
10/13/2021,2107,30,39,21,5,19,28
10/9/2021,2106,28,5,1,33,13,37
10/6/2021,2105,22,35,37,32,21,9
10/2/2021,2104,10,14,8,9,23,38
9/29/2021,2103,40,38,12,33,23,25
9/25/2021,2102,23,40,16,5,33,19
9/22/2021,2101,28,23,8,21,11,34
9/18/2021,2100,32,15,6,18,21,19
9/15/2021,2099,24,22,14,19,28,37
9/11/2021,2098,14,17,35,23,4,21
9/8/2021,2097,35,33,27,37,3,36
9/4/2021,2096,12,33,26,35,10,8
9/1/2021,2095,18,30,27,10,25,2
8/28/2021,2094,22,6,26,29,28,39
8/25/2021,2093,29,11,38,34,33,12
8/21/2021,2092,24,23,4,18,14,12
8/18/2021,2091,40,18,32,1,5,23
8/14/2021,2090,29,23,38,35,10,24
8/11/2021,2089,10,7,18,25,29,3
8/7/2021,2088,13,27,14,9,17,11
8/4/2021,2087,30,13,28,34,39,26
7/31/2021,2086,34,8,40,29,6,23
7/28/2021,2085,8,9,30,10,20,6
7/24/2021,2084,7,9,24,35,14,10
7/21/2021,2083,29,28,5,38,7,33
7/17/2021,2082,36,32,3,11,8,5
7/14/2021,2081,13,19,21,6,38,12
7/10/2021,2080,25,26,14,22,19,7
7/7/2021,2079,30,8,3,14,15,31
7/3/2021,2078,12,40,4,21,5,22
6/30/2021,2077,9,22,13,1,35,8
6/26/2021,2076,26,1,11,32,2,6
6/23/2021,2075,18,8,38,27,26,17
6/19/2021,2074,31,12,23,30,13,27
6/16/2021,2073,22,35,17,39,26,25
6/12/2021,2072,12,18,4,15,36,24
6/9/2021,2071,35,3,21,29,6,18
6/5/2021,2070,29,19,17,26,32,39
6/2/2021,2069,14,10,37,4,3,38
5/29/2021,2068,2,35,38,10,16,31
5/26/2021,2067,31,7,39,13,16,30
5/22/2021,2066,39,21,36,19,23,38
5/19/2021,2065,22,11,16,34,30,1
5/15/2021,2064,31,17,6,8,25,26
5/12/2021,2063,35,2,29,32,3,26
5/8/2021,2062,26,6,35,29,34,17
5/5/2021,2061,26,9,2,21,25,38
5/1/2021,2060,7,33,25,30,20,31
4/28/2021,2059,35,18,40,6,7,23
4/24/2021,2058,4,26,21,36,31,5
4/21/2021,2057,1,23,38,37,18,33
4/17/2021,2056,24,1,35,22,8,40
4/14/2021,2055,21,1,9,16,23,12
4/10/2021,2054,24,28,35,23,30,6
4/7/2021,2053,15,29,22,10,31,6
4/3/2021,2052,21,8,16,34,15,25
3/31/2021,2051,33,35,34,9,10,11
3/27/2021,2050,25,6,32,33,31,34
3/24/2021,2049,27,17,13,20,2,33
3/20/2021,2048,23,11,40,17,31,1
3/17/2021,2047,4,3,20,33,10,15
3/13/2021,2046,1,26,19,22,11,7
3/10/2021,2045,17,22,6,3,11,15
3/6/2021,2044,18,11,35,17,1,6
3/3/2021,2043,22,9,39,3,20,26
2/27/2021,2042,38,23,40,32,26,15
2/24/2021,2041,31,26,36,24,38,7
2/20/2021,2040,19,30,10,16,29,7
2/17/2021,2039,16,26,15,31,33,25
2/13/2021,2038,1,18,20,16,8,27
2/10/2021,2037,20,8,19,40,26,24
2/6/2021,2036,3,10,11,2,38,8
2/3/2021,2035,32,24,1,26,19,37
1/30/2021,2034,1,29,18,11,34,20
1/27/2021,2033,15,29,10,23,17,28
1/23/2021,2032,6,40,30,20,4,16
1/20/2021,2031,38,6,9,11,5,17
1/16/2021,2030,2,18,19,17,30,13
1/13/2021,2029,37,25,17,35,38,26
1/9/2021,2028,30,17,14,11,28,34
1/6/2021,2027,18,16,32,1,6,23
1/2/2021,2026,29,20,4,15,36,39
12/30/2020,2025,26,5,2,9,28,24
12/26/2020,2024,38,7,21,1,11,16
12/23/2020,2023,38,27,26,34,25,19
12/19/2020,2022,40,5,37,31,16,39
12/16/2020,2021,26,10,17,2,19,12
12/12/2020,2020,18,9,5,35,1,21
12/9/2020,2019,17,29,34,22,20,27
12/5/2020,2018,10,1,15,4,14,20
12/2/2020,2017,4,30,40,2,6,25
11/28/2020,2016,22,3,13,27,10,37
11/25/2020,2015,35,3,29,14,2,30
11/21/2020,2014,36,19,7,5,15,6
11/18/2020,2013,21,23,30,27,38,24
11/14/2020,2012,26,23,39,10,40,29
11/11/2020,2011,17,4,35,3,13,26
11/7/2020,2010,16,20,24,31,14,1
11/4/2020,2009,21,12,5,22,39,25
10/31/2020,2008,26,22,3,39,28,19
10/28/2020,2007,12,35,28,37,17,40
10/24/2020,2006,13,19,12,36,22,11
10/21/2020,2005,26,6,1,38,18,40
10/17/2020,2004,23,40,19,20,14,22
10/14/2020,2003,34,5,1,31,21,16
10/10/2020,2002,33,32,20,5,1,31
10/7/2020,2001,40,23,39,29,19,6
10/3/2020,2000,30,39,2,32,9,23
9/30/2020,1999,12,39,16,25,35,29
9/26/2020,1998,1,11,37,9,3,23
9/23/2020,1997,1,24,18,4,11,17
9/19/2020,1996,26,6,34,40,17,7
9/16/2020,1995,37,11,17,29,18,25
9/12/2020,1994,17,35,1,32,3,23
9/9/2020,1993,36,1,21,15,24,5
9/5/2020,1992,30,24,14,18,5,10
9/2/2020,1991,19,8,17,20,27,15
8/29/2020,1990,37,8,19,23,14,20
8/26/2020,1989,13,15,7,32,40,18
8/22/2020,1988,36,39,24,20,37,26
8/19/2020,1987,30,13,26,37,31,25
8/15/2020,1986,8,23,27,21,12,22
8/12/2020,1985,16,10,25,32,29,34
8/8/2020,1984,11,23,28,4,16,7
8/5/2020,1983,22,20,5,9,19,24
8/1/2020,1982,22,24,34,16,31,7
7/29/2020,1981,40,36,28,37,6,21
7/25/2020,1980,11,38,40,28,10,12
7/22/2020,1979,30,40,20,18,4,10
7/18/2020,1978,9,1,23,10,22,16
7/15/2020,1977,16,10,11,29,19,34
7/11/2020,1976,40,18,8,29,16,21
7/8/2020,1975,14,31,32,37,24,15
7/4/2020,1974,7,2,30,6,25,23
7/1/2020,1973,1,35,25,22,15,39
6/27/2020,1972,31,29,4,35,8,20
6/24/2020,1971,35,39,29,40,4,34
6/20/2020,1970,2,11,10,29,35,3
6/17/2020,1969,35,2,24,38,32,36
6/13/2020,1968,18,8,17,2,29,27
6/10/2020,1967,17,15,22,11,6,12
6/6/2020,1966,25,10,12,39,11,6
6/3/2020,1965,29,40,35,2,30,33
5/30/2020,1964,12,2,4,28,15,13
5/27/2020,1963,9,34,31,1,20,29
5/23/2020,1962,28,32,12,14,35,10
5/20/2020,1961,36,32,8,39,19,38
5/16/2020,1960,20,31,15,10,26,34
5/13/2020,1959,20,5,6,18,29,33
5/9/2020,1958,38,29,22,27,15,7
5/6/2020,1957,9,12,36,23,1,39
5/2/2020,1956,38,6,7,9,24,22
4/29/2020,1955,16,24,11,33,23,29
4/25/2020,1954,12,22,5,38,19,25
4/22/2020,1953,8,16,33,5,31,7
4/18/2020,1952,4,19,11,1,6,8
4/15/2020,1951,22,26,29,3,15,17
4/11/2020,1950,28,8,25,23,27,17
4/8/2020,1949,25,5,20,11,26,40
4/4/2020,1948,20,10,6,11,13,30
4/1/2020,1947,35,28,21,25,8,32
3/28/2020,1946,3,2,39,19,35,37
3/25/2020,1945,17,8,27,7,10,21
3/21/2020,1944,9,18,16,20,28,19
3/18/2020,1943,36,12,18,2,28,20
3/14/2020,1942,36,25,9,23,13,22
3/11/2020,1941,22,29,21,13,40,8
3/7/2020,1940,26,39,20,7,14,23
3/4/2020,1939,30,39,36,5,14,40
2/29/2020,1938,4,18,27,25,32,28
2/26/2020,1937,30,8,2,33,21,3
2/22/2020,1936,22,8,36,39,15,40
2/19/2020,1935,25,35,12,31,24,16
2/15/2020,1934,31,10,4,17,29,2
2/12/2020,1933,2,11,25,21,32,20
2/8/2020,1932,24,14,13,15,12,38
2/5/2020,1931,31,15,3,40,6,2
2/1/2020,1930,30,20,22,24,32,16
1/29/2020,1929,26,10,28,27,31,21
1/25/2020,1928,34,10,11,24,28,19
1/22/2020,1927,29,35,14,1,36,39
1/18/2020,1926,1,20,24,34,5,37
1/15/2020,1925,35,4,6,29,21,32
1/11/2020,1924,9,16,40,33,13,26
1/8/2020,1923,23,2,25,4,6,24
1/4/2020,1922,12,6,17,24,7,33
1/1/2020,1921,23,38,33,14,40,34
12/28/2019,1920,10,28,24,16,6,34
12/25/2019,1919,35,16,13,15,6,38
12/21/2019,1918,9,14,34,7,20,18
12/18/2019,1917,32,6,24,19,34,21
12/14/2019,1916,23,19,21,34,39,35
12/11/2019,1915,7,11,16,39,2,28
12/7/2019,1914,6,26,27,25,23,9
12/4/2019,1913,1,16,30,15,22,8
11/30/2019,1912,12,26,39,33,18,35
11/27/2019,1911,28,1,9,26,4,22
11/23/2019,1910,16,17,20,22,29,28
11/20/2019,1909,2,11,1,17,35,30
11/16/2019,1908,39,32,19,33,18,13
11/13/2019,1907,22,17,2,9,10,31
11/9/2019,1906,7,6,37,11,23,29
11/6/2019,1905,9,10,19,1,7,15
11/2/2019,1904,27,23,16,35,21,13
10/30/2019,1903,10,39,5,11,36,7
10/26/2019,1902,12,24,16,8,19,20
10/23/2019,1901,26,39,20,2,3,24
10/19/2019,1900,35,38,6,12,21,28
10/16/2019,1899,22,29,14,7,17,5
10/12/2019,1898,30,23,40,25,27,19
10/9/2019,1897,29,15,5,27,38,22
10/5/2019,1896,16,33,20,8,36,9
10/2/2019,1895,6,22,4,32,3,25
9/28/2019,1894,37,15,39,5,13,36
9/25/2019,1893,21,31,15,22,5,3
9/21/2019,1892,14,23,32,19,7,34
9/18/2019,1891,21,26,11,36,19,7
9/14/2019,1890,34,13,26,15,6,22
9/11/2019,1889,32,8,38,13,7,24
9/7/2019,1888,20,1,38,29,31,7
9/4/2019,1887,22,30,39,4,6,20
8/31/2019,1886,30,5,2,24,37,4
8/28/2019,1885,25,15,24,4,23,19
8/24/2019,1884,35,17,2,4,6,22
8/21/2019,1883,8,15,23,21,17,6
8/17/2019,1882,1,32,12,29,10,6
8/14/2019,1881,15,40,23,31,35,19
8/10/2019,1880,23,8,34,31,12,17
8/7/2019,1879,24,40,25,3,7,11
8/3/2019,1878,7,30,34,31,39,17
7/31/2019,1877,25,40,4,16,10,22
7/27/2019,1876,1,4,19,17,6,21
7/24/2019,1875,6,27,25,32,23,22
7/20/2019,1874,5,13,22,24,4,28
7/17/2019,1873,16,10,1,18,26,27
7/13/2019,1872,36,7,16,10,28,33
7/10/2019,1871,28,33,35,5,12,38
7/6/2019,1870,31,33,5,37,17,2
7/3/2019,1869,31,38,39,1,15,22
6/29/2019,1868,37,20,18,10,19,7
6/26/2019,1867,32,29,39,38,15,30
6/22/2019,1866,37,26,14,10,7,12
6/19/2019,1865,4,30,19,11,33,31
6/15/2019,1864,35,27,6,28,25,15
6/12/2019,1863,7,39,2,8,6,23
6/8/2019,1862,10,36,6,27,22,25
6/5/2019,1861,27,28,17,39,26,5
6/1/2019,1860,19,1,22,33,30,37
5/29/2019,1859,30,10,20,40,8,26
5/25/2019,1858,30,10,23,37,2,35
5/22/2019,1857,16,3,12,28,14,2
5/18/2019,1856,25,9,24,20,10,12
5/15/2019,1855,14,13,5,21,37,27
5/11/2019,1854,3,39,20,16,2,19
5/8/2019,1853,7,19,11,8,9,28
5/4/2019,1852,37,4,29,27,36,34
5/1/2019,1851,38,32,7,17,37,16
4/27/2019,1850,8,24,4,37,22,29
4/24/2019,1849,35,19,20,38,16,31
4/20/2019,1848,32,1,39,10,21,37
4/17/2019,1847,34,35,9,21,27,18
4/13/2019,1846,18,26,28,10,1,8
4/10/2019,1845,40,32,33,22,31,17
4/6/2019,1844,10,11,22,28,14,40
4/3/2019,1843,30,7,35,12,38,10
3/30/2019,1842,2,21,18,13,9,3
3/27/2019,1841,10,7,5,13,17,37
3/23/2019,1840,24,27,10,21,36,23
3/20/2019,1839,33,10,23,30,21,12
3/16/2019,1838,21,11,3,37,32,18
3/13/2019,1837,8,23,39,14,31,7
3/9/2019,1836,32,28,20,34,7,25
3/6/2019,1835,21,7,16,32,4,36
3/2/2019,1834,9,12,19,14,8,15
2/27/2019,1833,31,36,1,32,9,38
2/23/2019,1832,31,13,33,36,40,38
2/20/2019,1831,7,28,23,22,20,1
2/16/2019,1830,36,1,35,2,40,27
2/13/2019,1829,2,31,26,27,5,6
2/9/2019,1828,4,25,26,1,37,24
2/6/2019,1827,6,15,14,26,8,31
2/2/2019,1826,29,33,17,9,19,20
1/30/2019,1825,40,25,2,38,17,22
1/26/2019,1824,35,19,31,27,37,13
1/23/2019,1823,11,40,10,3,31,13
1/19/2019,1822,24,33,1,17,32,12
1/16/2019,1821,3,8,35,30,21,22
1/12/2019,1820,24,18,4,40,19,6
1/9/2019,1819,4,40,11,23,6,12
1/5/2019,1818,4,23,34,24,2,20
1/2/2019,1817,22,31,15,39,11,35
12/29/2018,1816,33,15,11,2,35,10
12/26/2018,1815,40,29,24,3,32,30
12/22/2018,1814,25,15,10,31,28,27
12/19/2018,1813,23,37,2,30,14,22
12/15/2018,1812,7,29,22,18,40,5
12/12/2018,1811,37,3,29,20,32,30
12/8/2018,1810,2,16,18,12,38,8
12/5/2018,1809,23,5,18,1,24,25
12/1/2018,1808,34,30,6,39,25,26
11/28/2018,1807,19,30,38,20,18,31
11/24/2018,1806,24,22,8,21,34,25
11/21/2018,1805,8,25,7,22,40,32
11/17/2018,1804,14,25,34,3,27,30
11/14/2018,1803,8,6,20,31,24,27
11/10/2018,1802,10,4,9,27,30,20
11/7/2018,1801,15,1,22,40,39,12
11/3/2018,1800,36,7,23,22,1,29
10/31/2018,1799,14,11,15,10,32,16
10/27/2018,1798,17,15,34,18,10,12
10/24/2018,1797,24,37,33,19,9,39
10/20/2018,1796,28,26,12,4,35,32
10/17/2018,1795,26,17,10,5,33,21
10/13/2018,1794,5,26,34,9,1,4
10/10/2018,1793,13,4,37,12,9,2
10/6/2018,1792,39,13,8,24,29,26
10/3/2018,1791,39,1,28,16,32,40
9/29/2018,1790,24,29,32,15,19,35
9/26/2018,1789,32,22,36,26,40,23
9/22/2018,1788,25,38,36,22,3,35
9/19/2018,1787,3,13,7,11,9,5
9/15/2018,1786,17,8,15,7,2,12
9/12/2018,1785,1,3,8,11,19,36
9/8/2018,1784,29,22,35,18,20,24
9/5/2018,1783,35,4,12,30,13,33
9/1/2018,1782,34,18,36,21,1,8
8/29/2018,1781,12,8,21,2,7,32
8/25/2018,1780,13,4,9,15,8,3
8/22/2018,1779,28,2,25,5,15,10
8/18/2018,1778,27,9,13,7,38,23
8/15/2018,1777,35,18,12,33,4,27
8/11/2018,1776,19,25,38,3,30,32
8/8/2018,1775,37,14,25,18,20,17
8/4/2018,1774,16,22,37,5,32,29
8/1/2018,1773,5,21,31,22,34,4
7/28/2018,1772,14,4,21,17,23,10
7/25/2018,1771,35,19,18,10,16,28
7/21/2018,1770,1,12,34,8,10,31
7/18/2018,1769,33,13,5,24,39,2
7/14/2018,1768,14,17,5,18,33,19
7/11/2018,1767,22,23,18,20,35,15
7/7/2018,1766,29,10,30,15,33,18
7/4/2018,1765,21,13,38,6,30,35
6/30/2018,1764,23,29,12,16,39,31
6/27/2018,1763,22,2,34,19,24,27
6/23/2018,1762,4,39,17,30,15,18
6/20/2018,1761,27,1,6,26,33,4
6/16/2018,1760,17,8,22,7,14,34
6/13/2018,1759,10,36,12,37,9,18
6/9/2018,1758,20,9,4,3,2,24
6/6/2018,1757,31,16,23,9,25,32
6/2/2018,1756,14,29,8,12,7,5
5/30/2018,1755,22,29,18,34,28,14
5/26/2018,1754,13,36,2,37,18,17
5/23/2018,1753,38,21,39,1,14,23
5/19/2018,1752,6,31,25,13,3,37
5/16/2018,1751,14,16,29,28,13,1
5/12/2018,1750,12,10,4,40,38,33
5/9/2018,1749,25,21,40,19,23,20
5/5/2018,1748,6,11,20,40,34,16
5/2/2018,1747,25,28,8,2,29,7
4/28/2018,1746,16,40,36,5,11,4
4/25/2018,1745,36,7,15,23,27,3
4/21/2018,1744,2,9,15,27,32,10
4/18/2018,1743,1,35,20,19,24,39
4/14/2018,1742,21,3,34,35,25,14
4/11/2018,1741,21,34,33,7,16,40
4/7/2018,1740,1,10,19,13,17,23
4/4/2018,1739,22,38,1,15,14,13
3/31/2018,1738,11,6,16,4,23,2
3/28/2018,1737,36,1,34,37,12,28
3/24/2018,1736,15,37,22,18,21,12
3/21/2018,1735,35,13,38,29,14,9
3/17/2018,1734,24,19,15,25,40,16
3/14/2018,1733,20,18,28,19,17,24
3/10/2018,1732,40,34,1,37,12,14
3/7/2018,1731,25,3,34,29,23,15
3/3/2018,1730,2,19,34,35,38,12
2/28/2018,1729,10,40,18,20,16,3
2/24/2018,1728,19,2,32,40,16,25
2/21/2018,1727,9,31,17,3,25,11
2/17/2018,1726,30,35,29,37,31,36
2/14/2018,1725,14,35,23,26,36,37
2/10/2018,1724,5,33,2,4,30,22
2/7/2018,1723,25,11,29,39,17,34
2/3/2018,1722,29,11,38,2,30,15
1/31/2018,1721,16,11,39,31,5,10
1/27/2018,1720,37,29,8,6,23,26
1/24/2018,1719,28,1,24,25,20,16
1/20/2018,1718,20,17,26,1,39,12
1/17/2018,1717,19,3,18,23,22,15
1/13/2018,1716,37,33,11,39,29,18
1/10/2018,1715,8,1,16,2,4,26
1/6/2018,1714,19,40,13,33,10,15
1/3/2018,1713,21,35,20,8,34,38
12/30/2017,1712,12,32,1,21,3,20
12/27/2017,1711,22,28,16,30,15,3
12/23/2017,1710,17,29,38,25,19,15
12/20/2017,1709,17,12,14,3,1,33
12/16/2017,1708,23,28,30,19,33,11
12/13/2017,1707,6,39,37,11,10,34
12/9/2017,1706,4,8,16,22,15,5
12/6/2017,1705,3,7,21,19,40,16
12/2/2017,1704,23,14,2,21,15,32
11/29/2017,1703,5,24,9,17,14,31
11/25/2017,1702,25,34,37,24,7,22
11/22/2017,1701,12,8,5,36,28,18
11/18/2017,1700,31,28,36,11,20,12
11/15/2017,1699,7,32,2,26,16,33
11/11/2017,1698,18,39,14,3,26,38
11/8/2017,1697,27,15,13,25,8,17
11/4/2017,1696,5,28,12,25,3,40
11/1/2017,1695,3,29,39,17,19,23
10/28/2017,1694,37,10,12,23,1,9
10/25/2017,1693,22,19,3,25,1,23
10/21/2017,1692,13,15,22,5,29,24
10/18/2017,1691,11,14,15,22,13,32
10/14/2017,1690,4,38,7,31,11,3
10/11/2017,1689,4,29,33,24,35,15
10/7/2017,1688,23,35,1,20,25,12
10/4/2017,1687,5,33,3,37,21,2
9/30/2017,1686,32,24,4,34,25,16
9/27/2017,1685,27,15,22,34,12,1
9/23/2017,1684,31,6,7,35,15,19
9/20/2017,1683,20,35,10,33,36,16
9/16/2017,1682,37,3,24,20,9,15
9/13/2017,1681,19,35,10,21,18,25
9/9/2017,1680,23,10,29,13,16,36
9/6/2017,1679,3,27,30,25,7,28
9/2/2017,1678,20,22,10,30,21,37
8/30/2017,1677,17,16,14,27,12,9
8/26/2017,1676,33,29,11,35,6,4
8/23/2017,1675,10,26,39,25,4,7
8/19/2017,1674,17,4,22,32,28,27
8/16/2017,1673,10,23,14,18,8,32
8/12/2017,1672,30,23,21,2,14,31
8/9/2017,1671,32,12,4,19,7,37
8/5/2017,1670,31,16,35,22,29,30
8/2/2017,1669,26,6,28,8,2,1
7/29/2017,1668,40,13,10,33,24,29
7/26/2017,1667,4,5,40,12,34,21
7/22/2017,1666,13,35,36,2,19,25
7/19/2017,1665,26,36,35,14,13,34
7/15/2017,1664,37,17,40,18,21,34
7/12/2017,1663,18,26,5,21,30,32
7/8/2017,1662,10,13,30,23,9,25
7/5/2017,1661,19,27,11,9,31,39
7/1/2017,1660,21,35,12,10,8,4
6/28/2017,1659,1,10,18,27,40,26
6/24/2017,1658,25,11,29,34,39,40
6/21/2017,1657,36,29,17,32,3,40
6/17/2017,1656,37,5,3,7,6,33
6/14/2017,1655,3,6,13,40,36,7
6/10/2017,1654,7,1,31,9,35,37
6/7/2017,1653,39,9,7,16,24,26
6/3/2017,1652,23,13,29,31,14,18
5/31/2017,1651,2,36,9,1,5,12
5/27/2017,1650,9,8,3,36,28,2
5/24/2017,1649,20,9,32,19,38,17
5/20/2017,1648,6,1,31,14,20,16
5/17/2017,1647,12,9,28,10,30,11
5/13/2017,1646,31,7,3,2,37,26
5/10/2017,1645,15,4,3,9,33,1
5/6/2017,1644,26,5,23,34,4,11
5/3/2017,1643,36,24,19,10,11,16
4/29/2017,1642,19,32,30,36,1,25
4/26/2017,1641,12,38,17,16,25,39
4/22/2017,1640,16,33,36,26,1,9
4/19/2017,1639,34,28,2,26,11,1
4/15/2017,1638,15,14,27,29,24,2
4/12/2017,1637,13,2,27,23,26,32
4/8/2017,1636,23,32,20,35,30,39
4/5/2017,1635,2,26,36,11,1,9
4/1/2017,1634,22,25,20,2,19,33
3/29/2017,1633,15,35,4,28,9,38
3/25/2017,1632,37,4,9,24,38,10
3/22/2017,1631,11,37,28,2,29,24
3/18/2017,1630,28,17,33,23,10,27
3/15/2017,1629,1,32,5,40,38,23
3/11/2017,1628,36,12,32,11,9,22
3/8/2017,1627,13,3,5,36,2,4
3/4/2017,1626,14,35,1,25,7,38
3/1/2017,1625,1,21,11,18,38,22
2/25/2017,1624,34,25,39,37,27,33
2/22/2017,1623,34,6,30,14,36,19
2/18/2017,1622,35,14,24,28,10,6
2/15/2017,1621,32,3,29,28,5,36
2/11/2017,1620,11,15,35,23,17,30
2/8/2017,1619,40,25,4,39,35,6
2/4/2017,1618,17,2,16,39,38,3
2/1/2017,1617,13,31,25,35,2,18
1/28/2017,1616,17,6,19,8,9,10
1/25/2017,1615,14,34,22,36,1,27
1/21/2017,1614,13,20,3,34,30,7
1/18/2017,1613,14,25,31,8,21,13
1/14/2017,1612,38,31,32,1,11,2
1/11/2017,1611,29,22,13,32,40,9
1/7/2017,1610,8,30,23,38,16,37
1/4/2017,1609,27,26,16,25,4,13
12/31/2016,1608,6,11,8,34,16,21
12/28/2016,1607,36,17,19,35,28,22
12/24/2016,1606,9,6,25,26,3,28
12/21/2016,1605,32,5,1,26,13,30
12/17/2016,1604,2,26,12,22,31,24
12/14/2016,1603,24,12,10,40,29,21
12/10/2016,1602,19,14,33,24,35,36
12/7/2016,1601,10,12,24,26,34,19
12/3/2016,1600,15,6,37,10,28,5
11/30/2016,1599,37,33,26,11,29,32
11/26/2016,1598,17,29,36,31,23,19
11/23/2016,1597,6,2,1,30,40,7
11/19/2016,1596,28,20,10,23,13,17
11/16/2016,1595,32,7,4,11,17,37
11/12/2016,1594,27,33,38,32,13,4
11/9/2016,1593,3,21,22,1,30,29
11/5/2016,1592,24,16,3,40,11,38
11/2/2016,1591,29,25,9,36,2,13
10/29/2016,1590,22,19,30,23,15,36
10/26/2016,1589,29,4,3,11,28,6
10/22/2016,1588,20,21,35,19,17,26
10/19/2016,1587,30,21,28,20,18,9
10/15/2016,1586,8,15,20,35,29,39
10/12/2016,1585,12,14,11,5,1,15
10/8/2016,1584,19,29,2,23,28,22
10/5/2016,1583,24,36,12,37,11,30
10/1/2016,1582,16,7,11,26,30,23
9/28/2016,1581,38,15,3,27,5,37
9/24/2016,1580,39,14,27,17,32,11
9/21/2016,1579,17,11,31,34,10,21
9/17/2016,1578,40,6,22,25,34,16
9/14/2016,1577,3,14,40,18,23,8
9/10/2016,1576,11,18,5,10,15,38
9/7/2016,1575,39,7,32,22,36,29
9/3/2016,1574,34,25,24,18,32,27
8/31/2016,1573,37,21,28,33,31,16
8/27/2016,1572,15,9,6,25,7,4
8/24/2016,1571,17,38,14,15,39,32
8/20/2016,1570,27,36,19,29,28,11
8/17/2016,1569,3,10,6,2,26,14
8/13/2016,1568,21,23,26,24,40,22
8/10/2016,1567,36,11,5,14,31,4
8/6/2016,1566,34,18,10,8,23,28
8/3/2016,1565,35,10,33,15,29,28
7/30/2016,1564,27,29,4,26,15,8
7/27/2016,1563,30,3,7,20,18,22
7/23/2016,1562,25,21,33,9,6,5
7/20/2016,1561,6,38,25,39,15,34
7/16/2016,1560,24,26,30,8,10,40
7/13/2016,1559,22,32,14,4,17,16
7/9/2016,1558,29,27,37,18,33,3
7/6/2016,1557,29,30,1,6,14,12
7/2/2016,1556,5,28,20,13,6,39
6/29/2016,1555,1,32,31,25,6,7
6/25/2016,1554,19,24,15,25,29,21
6/22/2016,1553,37,10,9,13,14,25
6/18/2016,1552,34,17,33,23,2,36
6/15/2016,1551,8,24,28,30,36,32
6/11/2016,1550,17,2,1,18,16,7
6/8/2016,1549,40,16,39,24,32,21
6/4/2016,1548,33,35,20,7,32,19
6/1/2016,1547,12,7,14,32,18,31
5/28/2016,1546,32,33,6,29,9,40
5/25/2016,1545,40,13,19,32,30,29
5/21/2016,1544,8,37,11,26,27,24
5/18/2016,1543,30,14,23,25,38,20
5/14/2016,1542,18,40,3,13,6,34
5/11/2016,1541,27,15,9,40,32,22
5/7/2016,1540,25,13,19,32,12,38
5/4/2016,1539,19,40,13,26,3,39
4/30/2016,1538,20,11,36,22,31,23
4/27/2016,1537,12,32,15,29,20,1
4/23/2016,1536,21,26,30,37,19,24
4/20/2016,1535,3,9,12,21,2,26
4/16/2016,1534,4,28,35,19,3,20
4/13/2016,1533,36,17,29,15,4,14
4/9/2016,1532,22,5,9,35,30,1
4/6/2016,1531,28,7,40,27,22,36
4/2/2016,1530,28,10,7,13,31,21
3/30/2016,1529,27,12,22,13,24,23
3/26/2016,1528,35,36,12,9,18,14
3/23/2016,1527,6,12,31,16,18,37
3/19/2016,1526,7,1,38,12,24,5
3/16/2016,1525,9,39,37,18,8,23
3/12/2016,1524,15,25,12,9,21,7
3/9/2016,1523,16,18,15,17,9,28
3/5/2016,1522,17,1,8,5,29,35
3/2/2016,1521,35,26,5,11,22,21
2/27/2016,1520,22,33,30,15,18,14
2/24/2016,1519,2,17,19,29,5,20
2/20/2016,1518,31,22,5,33,11,20
2/17/2016,1517,3,10,24,33,30,20
2/13/2016,1516,8,17,7,9,35,3
2/10/2016,1515,18,17,13,19,11,12
2/6/2016,1514,36,37,34,30,8,28
2/3/2016,1513,10,15,14,5,18,11
1/30/2016,1512,10,21,29,28,37,14
1/27/2016,1511,11,7,6,32,13,34
1/23/2016,1510,25,17,7,14,2,16
1/20/2016,1509,17,12,34,4,28,24
1/16/2016,1508,5,34,26,38,40,33
1/13/2016,1507,35,28,3,15,39,22
1/9/2016,1506,3,8,37,31,30,21
1/6/2016,1505,28,40,13,29,9,27
1/2/2016,1504,5,32,24,30,22,1
12/30/2015,1503,24,19,40,27,11,36
12/26/2015,1502,36,4,16,7,27,38
12/23/2015,1501,23,28,2,1,7,13
12/19/2015,1500,31,13,17,14,18,20
12/16/2015,1499,19,4,18,14,5,21
12/12/2015,1498,25,16,27,33,23,1
12/9/2015,1497,38,11,13,23,34,30
12/5/2015,1496,15,12,2,23,25,9
12/2/2015,1495,27,18,14,5,15,21
11/28/2015,1494,17,19,27,13,7,29
11/25/2015,1493,24,27,12,36,25,39
11/21/2015,1492,6,31,19,40,35,15
11/18/2015,1491,22,18,19,17,20,40
11/14/2015,1490,40,5,10,15,9,3
11/11/2015,1489,35,23,12,21,8,29
11/7/2015,1488,13,39,19,21,16,14
11/4/2015,1487,14,18,38,37,10,17
10/31/2015,1486,9,24,37,20,4,26
10/28/2015,1485,14,28,23,15,33,24
10/24/2015,1484,31,34,20,12,39,7
10/21/2015,1483,23,12,13,2,16,31
10/17/2015,1482,24,12,6,34,1,26
10/14/2015,1481,26,15,9,30,19,21
10/10/2015,1480,30,16,28,27,23,12
10/7/2015,1479,14,28,23,7,3,31
10/3/2015,1478,22,38,17,1,26,23
9/26/2015,1477,26,34,18,23,22,1
9/19/2015,1476,27,14,15,39,1,33
9/12/2015,1475,19,16,34,35,17,24
9/5/2015,1474,35,40,1,11,31,19
8/29/2015,1473,34,3,31,37,17,39
8/22/2015,1472,20,38,26,8,3,1
8/15/2015,1471,12,22,35,40,4,26
8/8/2015,1470,2,22,13,39,26,18
8/1/2015,1469,35,19,6,18,20,8
7/25/2015,1468,36,18,9,22,39,15
7/18/2015,1467,18,19,37,26,35,12
7/11/2015,1466,15,36,17,8,31,11
7/4/2015,1465,38,16,10,7,3,18
6/27/2015,1464,13,8,33,18,25,9
6/20/2015,1463,21,18,40,37,15,36
6/13/2015,1462,9,12,20,35,17,38
6/6/2015,1461,29,32,37,10,19,1
5/30/2015,1460,33,14,10,8,17,34
5/23/2015,1459,37,3,9,1,36,34
5/16/2015,1458,1,32,5,38,31,3
5/9/2015,1457,22,32,9,33,25,35
5/2/2015,1456,36,8,37,27,13,32
4/25/2015,1455,25,14,15,20,10,37
4/18/2015,1454,37,21,15,23,6,18
4/11/2015,1453,19,33,21,3,4,26
4/4/2015,1452,1,9,7,32,17,2
3/28/2015,1451,15,14,4,33,27,9
3/21/2015,1450,14,20,8,33,5,17
3/14/2015,1449,26,34,18,13,40,12
3/7/2015,1448,26,1,30,24,2,6
2/28/2015,1447,40,5,25,30,31,6
2/21/2015,1446,21,18,26,6,39,31
2/14/2015,1445,20,5,1,16,30,34
2/7/2015,1444,39,17,14,13,18,40
1/31/2015,1443,31,32,16,28,8,15
1/24/2015,1442,27,8,19,28,24,22
1/17/2015,1441,40,19,15,32,35,30
1/10/2015,1440,19,15,39,27,2,37
1/3/2015,1439,27,6,4,17,31,32
12/27/2014,1438,24,19,10,15,9,28
12/20/2014,1437,37,33,22,5,20,29
12/13/2014,1436,18,38,33,8,21,28
12/6/2014,1435,14,21,26,19,23,11
11/29/2014,1434,5,39,1,2,28,23
11/22/2014,1433,37,17,3,23,34,28
11/15/2014,1432,28,34,40,16,27,23
11/8/2014,1431,35,39,24,36,25,9
11/1/2014,1430,26,12,32,3,37,14
10/25/2014,1429,9,31,35,19,28,2
10/18/2014,1428,40,27,15,32,36,2
10/11/2014,1427,39,4,25,10,24,20
10/4/2014,1426,11,19,2,17,26,28
9/27/2014,1425,40,38,20,28,15,19
9/20/2014,1424,22,26,37,33,30,3
9/13/2014,1423,5,19,27,14,21,7
9/6/2014,1422,38,35,14,4,17,3
8/30/2014,1421,19,39,10,35,15,17
8/23/2014,1420,25,16,4,37,29,20
8/16/2014,1419,24,2,26,29,33,10
8/9/2014,1418,25,18,7,14,30,17
8/2/2014,1417,20,4,37,34,22,36
7/26/2014,1416,13,40,14,27,38,31
7/19/2014,1415,16,33,8,29,6,11
7/12/2014,1414,14,37,30,36,31,21
7/5/2014,1413,2,12,23,18,10,9
6/28/2014,1412,1,14,36,3,38,2
6/21/2014,1411,35,18,14,17,3,2
6/14/2014,1410,8,20,11,39,40,4
6/7/2014,1409,7,32,27,2,33,4
5/31/2014,1408,7,26,35,27,34,32
5/24/2014,1407,22,35,10,24,16,14
5/17/2014,1406,6,40,19,36,23,26
5/10/2014,1405,35,5,9,24,4,3
5/3/2014,1404,22,38,36,34,11,20
4/26/2014,1403,12,29,25,31,18,17
4/19/2014,1402,26,37,30,19,28,3
4/12/2014,1401,38,7,29,24,10,22
4/5/2014,1400,11,16,20,31,33,13
3/29/2014,1399,4,19,13,10,24,21
3/22/2014,1398,12,18,34,16,35,39
3/15/2014,1397,19,2,22,6,36,11
3/8/2014,1396,28,18,8,6,35,3
3/1/2014,1395,9,13,33,31,1,20
2/22/2014,1394,34,27,9,24,40,22
2/15/2014,1393,24,28,19,8,17,9
2/8/2014,1392,35,20,37,16,39,17
2/1/2014,1391,15,38,27,20,30,39
1/25/2014,1390,37,38,28,26,10,39
1/18/2014,1389,35,37,29,14,18,23
1/11/2014,1388,31,10,22,30,39,12
1/4/2014,1387,24,26,37,14,12,16
12/28/2013,1386,18,34,15,20,6,16
12/21/2013,1385,25,12,19,7,4,20
12/14/2013,1384,5,15,33,32,20,39
12/7/2013,1383,3,25,21,26,31,11
11/30/2013,1382,1,37,4,11,17,31
11/23/2013,1381,37,14,26,30,28,40
11/16/2013,1380,4,9,25,18,8,28
11/9/2013,1379,39,30,28,6,9,18
11/2/2013,1378,1,21,5,15,12,29
10/26/2013,1377,4,15,33,27,32,19
10/19/2013,1376,14,40,29,2,27,34
10/12/2013,1375,37,6,32,30,8,39
10/5/2013,1374,1,28,20,19,13,37
9/28/2013,1373,39,21,40,1,29,33
9/21/2013,1372,21,17,26,18,6,8
9/14/2013,1371,30,31,2,5,11,19
9/7/2013,1370,24,4,33,38,2,32
8/31/2013,1369,28,25,17,12,6,20
8/24/2013,1368,27,36,7,40,4,19
8/17/2013,1367,23,34,11,29,16,1
8/10/2013,1366,27,5,38,21,23,30
8/3/2013,1365,4,29,23,15,9,6
7/27/2013,1364,32,1,2,37,36,24
7/20/2013,1363,20,1,10,36,21,6
7/13/2013,1362,3,32,5,22,19,13
7/6/2013,1361,14,25,19,38,34,13
6/29/2013,1360,20,38,3,17,10,16
6/22/2013,1359,7,14,30,23,2,33
6/15/2013,1358,26,33,39,12,31,36
6/8/2013,1357,7,6,32,37,29,19
6/1/2013,1356,11,23,22,13,36,8
5/25/2013,1355,4,2,19,17,27,9
5/18/2013,1354,3,35,36,33,8,22
5/11/2013,1353,29,19,12,39,16,18
5/4/2013,1352,40,24,15,38,26,27
4/27/2013,1351,18,17,9,35,13,23
4/20/2013,1350,29,39,15,34,40,31
4/13/2013,1349,7,37,24,16,6,38
4/6/2013,1348,13,29,16,33,25,38
3/30/2013,1347,36,11,38,26,10,6
3/23/2013,1346,18,16,29,30,32,1
3/16/2013,1345,16,11,26,3,13,15
3/9/2013,1344,40,39,11,37,7,10
3/2/2013,1343,11,12,33,8,37,18
2/23/2013,1342,21,13,38,29,40,28
2/16/2013,1341,2,32,6,25,36,35
2/9/2013,1340,20,17,28,4,19,9
2/2/2013,1339,13,24,5,39,6,19
1/26/2013,1338,31,29,1,27,2,12
1/19/2013,1337,19,5,39,21,36,32
1/12/2013,1336,3,7,2,1,30,8
1/5/2013,1335,26,1,8,30,14,3
12/29/2012,1334,6,26,3,25,7,29
12/22/2012,1333,14,6,19,13,8,31
12/15/2012,1332,36,25,12,24,6,23
12/8/2012,1331,18,27,13,21,9,24
12/1/2012,1330,8,14,10,21,39,15
11/24/2012,1329,4,34,35,18,3,19
11/17/2012,1328,17,22,1,32,28,18
11/10/2012,1327,22,36,18,31,33,32
11/3/2012,1326,36,21,35,2,1,15
10/27/2012,1325,33,14,15,39,36,29
10/20/2012,1324,12,31,27,11,14,2
10/13/2012,1323,31,40,1,30,29,7
10/6/2012,1322,30,15,19,23,22,9
9/29/2012,1321,9,13,30,34,35,6
9/22/2012,1320,9,17,35,21,19,12
9/15/2012,1319,14,3,16,36,1,38
9/8/2012,1318,31,40,38,16,39,7
9/1/2012,1317,26,35,33,1,15,5
8/25/2012,1316,8,39,27,18,17,13
8/18/2012,1315,13,35,23,10,21,27
8/11/2012,1314,26,4,20,15,2,31
8/4/2012,1313,10,24,29,12,13,38
7/28/2012,1312,8,7,9,25,2,18
7/21/2012,1311,31,15,17,1,13,26
7/14/2012,1310,12,11,7,4,34,15
7/7/2012,1309,27,40,39,21,11,8
6/30/2012,1308,2,14,24,9,10,22
6/23/2012,1307,30,32,29,26,28,25
6/16/2012,1306,39,9,20,27,18,33
6/9/2012,1305,7,10,17,6,5,24
6/2/2012,1304,10,21,11,24,33,15
5/26/2012,1303,8,21,39,10,20,12
5/19/2012,1302,37,13,36,16,32,18
5/12/2012,1301,2,24,36,35,13,16
5/5/2012,1300,35,31,28,38,34,7
4/28/2012,1299,24,20,4,13,1,12
4/21/2012,1298,11,16,13,7,15,12
4/14/2012,1297,13,27,23,17,33,31
4/7/2012,1296,21,24,30,27,35,5
3/31/2012,1295,40,21,5,35,24,4
3/24/2012,1294,33,2,19,22,14,9
3/17/2012,1293,33,5,4,40,18,11
3/10/2012,1292,24,11,39,15,8,35
3/3/2012,1291,31,23,39,3,40,8
2/25/2012,1290,20,7,3,40,9,27
2/18/2012,1289,7,13,34,27,36,22
2/11/2012,1288,9,33,2,17,21,7
2/4/2012,1287,38,21,26,34,33,23
1/28/2012,1286,35,33,8,16,40,6
1/21/2012,1285,13,38,7,20,1,4
1/14/2012,1284,3,5,34,19,1,16
1/7/2012,1283,8,12,35,36,40,10
12/31/2011,1282,4,36,27,13,10,39
12/24/2011,1281,34,15,26,7,18,32
12/17/2011,1280,23,31,19,40,13,9
12/10/2011,1279,27,13,30,36,14,37
12/3/2011,1278,18,21,15,4,32,33
11/26/2011,1277,17,33,3,23,38,8
11/19/2011,1276,15,30,25,31,26,13
11/12/2011,1275,1,2,18,8,6,5
11/5/2011,1274,2,35,38,31,21,5
10/29/2011,1273,21,26,15,16,1,34
10/22/2011,1272,12,40,6,35,10,24
10/15/2011,1271,13,32,34,12,31,26
10/8/2011,1270,28,40,25,17,39,23
10/1/2011,1269,4,6,21,40,7,33
9/24/2011,1268,13,14,3,21,11,36
9/17/2011,1267,34,15,27,26,12,6
9/10/2011,1266,12,5,39,22,27,8
9/3/2011,1265,16,37,19,26,1,7
8/27/2011,1264,32,38,23,37,25,31
8/20/2011,1263,4,2,29,15,28,30
8/13/2011,1262,39,40,9,24,35,19
8/6/2011,1261,14,36,26,13,1,22
7/30/2011,1260,27,26,39,25,5,16
7/23/2011,1259,8,10,39,6,33,23
7/16/2011,1258,35,23,17,25,6,22
7/9/2011,1257,39,20,37,32,15,18
7/2/2011,1256,36,19,28,1,30,2
6/25/2011,1255,18,39,34,3,26,17
6/18/2011,1254,32,15,25,21,16,30
6/11/2011,1253,1,28,2,40,27,7
6/4/2011,1252,2,26,20,25,22,38
5/28/2011,1251,33,27,21,26,7,9
5/21/2011,1250,31,22,15,7,27,12
5/14/2011,1249,28,30,20,34,12,6
5/7/2011,1248,37,28,27,24,36,30
4/30/2011,1247,8,28,37,4,5,20
4/23/2011,1246,16,31,27,13,23,18
4/16/2011,1245,17,39,38,24,8,4
4/9/2011,1244,8,20,35,18,5,3
4/2/2011,1243,25,31,13,28,34,8
3/26/2011,1242,19,22,13,10,3,33
3/19/2011,1241,1,40,18,29,24,21
3/12/2011,1240,33,1,38,10,19,9
3/5/2011,1239,25,8,23,40,1,31
2/26/2011,1238,4,27,6,17,12,32
2/19/2011,1237,2,15,27,37,17,32
2/12/2011,1236,27,37,38,29,36,7
2/5/2011,1235,13,33,6,36,5,31
1/29/2011,1234,22,5,2,29,1,12
1/22/2011,1233,30,33,19,13,34,18
1/15/2011,1232,2,15,1,32,36,10
1/8/2011,1231,5,16,10,36,20,37
1/1/2011,1230,34,29,5,37,10,13
12/25/2010,1229,22,12,10,3,25,6
12/18/2010,1228,19,38,28,26,1,39
12/11/2010,1227,13,2,16,3,11,26
12/4/2010,1226,34,1,14,19,32,21
11/27/2010,1225,38,8,1,36,32,7
11/20/2010,1224,30,6,12,23,17,9
11/13/2010,1223,28,19,15,6,33,35
11/6/2010,1222,31,20,11,28,38,32
10/30/2010,1221,25,2,21,16,7,28
10/23/2010,1220,37,34,23,4,40,27
10/16/2010,1219,38,31,15,14,35,9
10/9/2010,1218,6,38,1,28,22,35
10/2/2010,1217,40,37,13,30,34,5
9/25/2010,1216,4,14,11,32,5,27
9/18/2010,1215,32,9,23,19,12,37
9/11/2010,1214,1,5,2,31,39,34
9/4/2010,1213,16,36,18,35,39,31
8/28/2010,1212,11,26,40,3,38,7
8/21/2010,1211,22,33,23,10,13,17
8/14/2010,1210,11,29,23,13,2,30
8/7/2010,1209,18,35,4,34,24,28
7/31/2010,1208,22,8,28,1,26,38
7/24/2010,1207,36,11,22,32,1,12
7/17/2010,1206,35,5,28,10,24,8
7/10/2010,1205,25,2,18,22,11,10
7/3/2010,1204,24,1,17,6,34,21
6/26/2010,1203,28,11,8,35,7,5
6/19/2010,1202,30,14,37,18,33,36
6/12/2010,1201,30,38,12,36,32,10
6/5/2010,1200,20,25,7,30,16,11
5/29/2010,1199,1,10,12,31,27,21
5/22/2010,1198,1,36,18,25,14,4
5/15/2010,1197,16,27,32,26,19,23
5/8/2010,1196,31,18,10,11,14,22
5/1/2010,1195,16,20,31,8,4,38
4/24/2010,1194,30,18,1,33,40,16
4/17/2010,1193,35,39,30,9,3,29
4/10/2010,1192,3,21,6,5,27,38
4/3/2010,1191,17,14,7,36,16,13
3/27/2010,1190,7,39,37,27,15,12
3/20/2010,1189,32,25,31,23,19,30
3/13/2010,1188,7,16,12,14,15,4
3/6/2010,1187,37,26,30,39,5,11
2/27/2010,1186,40,16,14,36,9,20
2/20/2010,1185,37,11,24,38,15,21
2/13/2010,1184,33,35,38,29,25,14
2/6/2010,1183,14,19,15,23,36,11
1/30/2010,1182,13,19,11,8,3,36
1/23/2010,1181,39,28,3,30,4,34
1/16/2010,1180,29,22,3,18,11,6
1/9/2010,1179,40,30,37,21,16,32
1/2/2010,1178,34,25,39,13,23,21
12/26/2009,1177,1,18,3,22,40,27
12/19/2009,1176,39,30,13,1,26,5
12/12/2009,1175,23,4,21,1,8,6
12/5/2009,1174,38,30,4,15,32,2
11/28/2009,1173,22,32,20,5,14,15
11/21/2009,1172,36,12,22,18,39,25
11/14/2009,1171,28,30,24,2,5,8
11/7/2009,1170,5,40,32,18,37,13
10/31/2009,1169,28,30,9,10,34,13
10/24/2009,1168,8,2,21,35,31,15
10/17/2009,1167,12,21,37,33,16,29
10/10/2009,1166,13,26,33,31,29,35
10/3/2009,1165,31,1,25,27,15,13
9/26/2009,1164,13,8,22,33,19,36
9/19/2009,1163,24,4,25,18,37,13
9/12/2009,1162,40,10,11,25,4,31
9/5/2009,1161,1,7,15,31,13,22
8/29/2009,1160,10,8,23,22,21,20
8/22/2009,1159,39,19,18,35,13,40
8/15/2009,1158,17,40,39,27,2,3
8/8/2009,1157,24,31,23,19,12,35
8/1/2009,1156,40,19,35,13,12,26
7/25/2009,1155,19,23,20,16,5,15
7/18/2009,1154,38,40,16,32,29,4
7/11/2009,1153,32,24,36,12,9,37
7/4/2009,1152,2,17,26,7,9,12
6/27/2009,1151,1,14,30,15,40,32
6/20/2009,1150,19,22,10,34,38,13
6/13/2009,1149,31,1,17,32,21,22
6/6/2009,1148,18,7,39,16,33,40
5/30/2009,1147,15,31,24,14,30,37
5/23/2009,1146,34,14,22,12,17,7
5/16/2009,1145,15,21,18,1,5,11
5/9/2009,1144,19,12,1,14,20,23
5/2/2009,1143,3,31,33,40,21,15
4/25/2009,1142,30,11,38,33,6,37
4/18/2009,1141,16,25,14,33,11,38
4/11/2009,1140,16,24,37,35,26,20
4/4/2009,1139,17,36,8,10,9,22
3/28/2009,1138,39,17,23,26,3,11
3/21/2009,1137,3,36,40,20,7,24
3/14/2009,1136,18,1,22,15,12,8
3/7/2009,1135,38,15,32,13,18,24
2/28/2009,1134,4,7,30,5,23,34
2/21/2009,1133,5,31,12,19,26,11
2/14/2009,1132,16,33,28,37,36,6
2/7/2009,1131,25,21,28,5,10,18
1/31/2009,1130,19,3,21,13,31,37
1/24/2009,1129,29,19,20,3,17,24
1/17/2009,1128,37,25,11,17,33,16
1/10/2009,1127,31,18,7,32,22,10
1/3/2009,1126,10,26,30,5,18,21
12/27/2008,1125,2,36,27,16,9,22
12/20/2008,1124,35,38,25,4,26,27
12/13/2008,1123,38,18,24,28,31,3
12/6/2008,1122,39,40,19,10,22,18
11/29/2008,1121,12,23,2,33,16,13
11/22/2008,1120,29,38,16,13,30,27
11/15/2008,1119,40,26,10,6,14,9
11/8/2008,1118,1,29,37,30,22,19
11/1/2008,1117,15,37,23,18,14,6
10/25/2008,1116,22,39,6,19,15,1
10/18/2008,1115,2,31,5,22,16,40
10/11/2008,1114,35,8,24,27,4,17
10/4/2008,1113,8,39,32,10,11,26
9/27/2008,1112,6,37,29,26,11,34
9/20/2008,1111,16,11,3,10,15,6
9/13/2008,1110,2,17,15,27,20,28
9/6/2008,1109,38,35,31,7,19,25
8/30/2008,1108,4,26,23,35,3,36
8/23/2008,1107,30,5,23,24,6,22
8/16/2008,1106,7,19,6,25,4,35
8/9/2008,1105,35,4,38,8,37,7
8/2/2008,1104,2,17,34,18,5,40
7/26/2008,1103,32,7,17,35,4,24
7/19/2008,1102,15,21,17,38,40,30
7/12/2008,1101,17,26,14,16,9,28
7/5/2008,1100,18,38,10,23,2,30
6/28/2008,1099,29,7,37,30,36,17
6/21/2008,1098,21,12,26,11,36,37
6/14/2008,1097,40,33,28,26,37,35
6/7/2008,1096,12,34,32,23,31,22
5/31/2008,1095,23,8,30,14,31,39
5/24/2008,1094,9,25,23,10,34,1
5/17/2008,1093,10,27,38,3,35,14
5/10/2008,1092,30,17,9,15,36,39
5/3/2008,1091,25,38,33,29,32,14
4/26/2008,1090,40,35,10,22,16,28
4/19/2008,1089,24,3,16,11,5,28
4/12/2008,1088,23,16,12,31,11,29
4/5/2008,1087,19,33,36,27,7,17
3/29/2008,1086,5,13,16,38,28,40
3/22/2008,1085,32,22,21,23,26,30
3/15/2008,1084,16,40,17,3,25,23
3/8/2008,1083,35,12,6,18,39,17
3/1/2008,1082,35,4,32,12,31,29
2/23/2008,1081,4,36,13,27,32,38
2/16/2008,1080,3,23,40,14,9,15
2/9/2008,1079,36,14,40,16,19,39
2/2/2008,1078,22,32,2,4,38,12
1/26/2008,1077,10,40,15,22,34,19
1/19/2008,1076,26,10,38,36,8,12
1/12/2008,1075,5,14,22,19,40,16
1/5/2008,1074,21,14,3,8,18,36
12/29/2007,1073,33,35,30,8,22,38
12/22/2007,1072,20,38,17,27,31,30
12/15/2007,1071,11,31,17,28,2,7
12/8/2007,1070,4,9,34,18,21,8
12/1/2007,1069,33,3,40,1,38,14
11/24/2007,1068,38,3,18,4,27,29
11/17/2007,1067,18,26,24,13,31,37
11/10/2007,1066,12,39,2,13,37,25
11/3/2007,1065,15,40,11,23,30,31
10/27/2007,1064,27,19,32,23,40,25
10/20/2007,1063,27,37,9,38,34,14
10/13/2007,1062,26,34,32,29,4,36
10/6/2007,1061,13,35,21,24,1,14
9/29/2007,1060,7,4,32,35,20,17
9/22/2007,1059,24,6,8,14,33,32
9/15/2007,1058,26,24,12,23,4,7
9/8/2007,1057,2,28,24,29,23,5
9/1/2007,1056,22,12,16,15,13,38
8/25/2007,1055,22,14,19,37,20,35
8/18/2007,1054,29,9,16,26,2,36
8/11/2007,1053,4,34,32,8,28,7
8/4/2007,1052,5,39,24,15,37,34
7/28/2007,1051,7,30,1,18,26,13
7/21/2007,1050,30,35,16,15,4,10
7/14/2007,1049,6,18,36,27,12,38
7/7/2007,1048,12,13,20,1,25,34
6/30/2007,1047,13,40,23,1,28,32
6/23/2007,1046,29,12,2,38,33,30
6/16/2007,1045,10,15,9,3,7,1
6/9/2007,1044,23,27,38,2,25,11
6/2/2007,1043,32,29,19,20,24,17
5/26/2007,1042,10,39,14,11,17,4
5/19/2007,1041,35,12,5,8,7,33
5/12/2007,1040,34,5,14,19,25,6
5/5/2007,1039,11,4,10,25,38,37
4/28/2007,1038,3,34,24,17,2,39
4/21/2007,1037,20,34,36,2,11,39
4/14/2007,1036,34,13,38,16,29,11
4/7/2007,1035,33,5,16,11,21,14
3/31/2007,1034,19,26,10,31,23,15
3/24/2007,1033,40,31,30,4,9,17
3/17/2007,1032,15,22,1,30,25,23
3/10/2007,1031,3,21,18,1,25,7
3/3/2007,1030,18,25,38,35,32,28
2/24/2007,1029,35,30,37,20,4,5
2/17/2007,1028,21,20,27,36,32,38
2/10/2007,1027,38,5,21,29,35,17
2/3/2007,1026,16,32,36,27,9,11
1/27/2007,1025,20,2,24,29,31,21
1/20/2007,1024,20,12,15,3,27,6
1/13/2007,1023,23,28,16,9,4,37
1/6/2007,1022,9,18,1,4,25,34
12/30/2006,1021,25,9,21,31,22,11
12/23/2006,1020,37,10,13,16,7,14
12/16/2006,1019,31,21,4,2,32,27
12/9/2006,1018,6,30,1,11,13,9
12/2/2006,1017,28,7,25,10,1,32
11/25/2006,1016,40,19,35,24,38,10
11/18/2006,1015,4,31,14,13,39,38
11/11/2006,1014,23,5,19,11,22,2
11/4/2006,1013,30,2,15,24,38,11
10/28/2006,1012,8,29,6,12,27,20
10/21/2006,1011,2,11,22,13,16,8
10/14/2006,1010,28,39,12,25,3,37
10/7/2006,1009,5,10,6,7,2,27
9/30/2006,1008,3,27,14,29,19,8
9/23/2006,1007,3,7,17,20,28,33
9/16/2006,1006,36,2,4,19,39,18
9/9/2006,1005,24,1,9,3,21,15
9/2/2006,1004,11,20,10,37,23,25
8/26/2006,1003,21,23,12,20,39,34
8/19/2006,1002,12,3,1,17,6,4
8/12/2006,1001,11,23,17,12,40,38
8/5/2006,1000,12,1,11,10,32,25
7/29/2006,999,20,24,21,23,16,5
7/22/2006,998,29,39,18,13,38,35
7/15/2006,997,29,39,26,7,27,24
7/8/2006,996,28,16,39,6,21,37
7/1/2006,995,12,20,27,29,26,16
6/24/2006,994,24,19,26,17,37,11
6/17/2006,993,3,4,5,7,12,1
6/10/2006,992,38,4,40,9,36,15
6/3/2006,991,28,18,3,7,9,30
5/27/2006,990,19,36,34,30,35,33
5/20/2006,989,24,22,27,13,6,8
5/13/2006,988,25,1,10,9,28,15
5/6/2006,987,29,31,32,22,13,15
4/29/2006,986,10,32,7,27,40,2
4/22/2006,985,19,37,11,8,35,26
4/15/2006,984,33,12,7,5,10,23
4/8/2006,983,32,34,17,13,10,23
4/1/2006,982,30,33,25,37,11,17
3/25/2006,981,17,13,28,15,26,12
3/18/2006,980,30,38,39,5,25,21
3/11/2006,979,26,37,19,22,11,23
3/4/2006,978,20,16,24,14,12,4
2/25/2006,977,38,40,15,21,17,39
2/18/2006,976,18,21,30,22,32,4
2/11/2006,975,29,26,36,28,7,31
2/4/2006,974,15,12,14,13,40,32
1/28/2006,973,25,20,35,7,32,17
1/21/2006,972,40,18,9,13,21,26
1/14/2006,971,6,34,30,17,32,10
1/7/2006,970,6,14,28,16,30,29
12/31/2005,969,29,21,35,19,25,36
12/24/2005,968,22,5,14,32,3,23
12/17/2005,967,6,31,5,12,25,33
12/10/2005,966,36,11,32,20,22,9
12/3/2005,965,18,10,2,5,12,16
11/26/2005,964,33,26,3,1,22,31
11/19/2005,963,24,17,26,40,4,2
11/12/2005,962,28,20,27,39,31,16
11/5/2005,961,36,4,14,25,24,34
10/29/2005,960,23,24,20,35,33,37
10/22/2005,959,9,11,16,12,1,14
10/15/2005,958,40,24,8,35,28,1
10/8/2005,957,40,22,29,6,8,5
10/1/2005,956,26,38,36,37,24,17
9/24/2005,955,28,9,39,31,17,8
9/17/2005,954,9,24,20,36,4,8
9/10/2005,953,8,35,22,2,31,33
9/3/2005,952,31,20,3,6,19,16
8/27/2005,951,6,28,18,33,4,9
8/20/2005,950,5,13,29,30,22,23
8/13/2005,949,34,24,12,11,5,32
8/6/2005,948,8,21,31,23,6,13
7/30/2005,947,32,1,21,14,23,15
7/23/2005,946,17,32,34,23,21,1
7/16/2005,945,28,21,11,14,19,35
7/9/2005,944,1,21,10,29,25,19
7/2/2005,943,37,20,22,34,11,12
6/25/2005,942,40,9,20,15,5,32
6/18/2005,941,18,17,10,9,26,4
6/11/2005,940,24,5,27,31,34,23
6/4/2005,939,5,18,14,37,1,40
5/28/2005,938,34,5,38,1,13,22
5/21/2005,937,13,6,39,15,37,18
5/14/2005,936,15,19,25,21,39,27
5/7/2005,935,19,7,8,20,13,33
4/30/2005,934,30,24,19,40,36,37
4/23/2005,933,30,36,28,16,4,27
4/16/2005,932,27,29,17,31,2,4
4/9/2005,931,29,18,21,31,23,7
4/2/2005,930,15,26,28,10,29,20
3/30/2005,929,37,39,21,27,10,16
3/26/2005,928,17,38,9,19,22,35
3/19/2005,927,8,25,4,32,37,21
3/12/2005,926,28,8,35,20,16,40
3/5/2005,925,27,11,33,18,32,25
2/26/2005,924,36,16,3,27,9,31
2/19/2005,923,6,37,2,33,32,26
2/12/2005,922,16,26,39,29,27,31
2/5/2005,921,30,38,18,4,22,36
1/29/2005,920,25,34,29,19,35,13
1/22/2005,919,2,24,36,13,39,21
1/15/2005,918,14,26,39,1,20,6
1/8/2005,917,37,38,34,7,9,36
1/1/2005,916,38,18,30,22,32,12
12/25/2004,915,8,27,24,1,9,30
12/22/2004,914,1,6,14,36,4,35
12/18/2004,913,9,38,26,35,20,19
12/15/2004,912,21,7,27,3,34,5
12/11/2004,911,39,22,36,38,10,12
12/4/2004,910,15,9,31,6,14,26
11/27/2004,909,33,25,40,30,32,26
11/20/2004,908,34,23,19,39,21,2
11/13/2004,907,24,15,1,32,31,9
11/6/2004,906,31,30,40,34,22,24
10/30/2004,905,6,1,38,40,20,16
10/23/2004,904,2,5,36,39,7,17
10/16/2004,903,27,2,20,37,35,23
10/9/2004,902,22,39,21,11,2,25
10/2/2004,901,38,20,18,12,27,34
9/25/2004,900,32,38,12,3,4,11
9/18/2004,899,18,39,26,29,33,27
9/11/2004,898,7,34,24,21,19,15
9/4/2004,897,30,19,33,28,20,8
8/28/2004,896,25,39,4,10,30,1
8/21/2004,895,11,21,6,38,20,9
8/14/2004,894,24,3,1,32,34,28
8/7/2004,893,2,1,33,39,32,3
7/31/2004,892,35,28,10,14,26,8
7/24/2004,891,32,33,19,4,18,29
7/17/2004,890,23,11,17,30,21,8
7/10/2004,889,21,15,35,33,29,18
7/3/2004,888,31,21,13,30,12,24
6/26/2004,887,21,19,4,35,37,8
6/19/2004,886,33,19,10,8,36,26
6/12/2004,885,16,2,13,17,6,33
6/5/2004,884,5,31,37,18,27,9
5/29/2004,883,38,9,11,1,40,6
5/22/2004,882,39,16,31,28,8,17
5/15/2004,881,18,25,36,8,9,17
5/8/2004,880,10,28,7,40,31,12
5/1/2004,879,26,31,27,11,21,14
4/24/2004,878,23,18,1,32,15,11
4/17/2004,877,31,10,20,29,33,36
4/10/2004,876,13,33,36,39,14,23
4/3/2004,875,35,13,8,6,21,12
3/27/2004,874,29,33,31,19,13,12
3/20/2004,873,6,9,30,7,8,25
3/13/2004,872,13,5,26,1,9,4
3/6/2004,871,21,32,11,4,10,16
2/28/2004,870,16,5,39,8,19,7
2/21/2004,869,19,27,13,32,7,21
2/14/2004,868,27,25,8,19,40,4
2/7/2004,867,7,2,26,15,29,33
1/31/2004,866,20,35,7,33,34,9
1/24/2004,865,11,31,39,10,32,24
1/17/2004,864,8,33,36,7,3,38
1/10/2004,863,30,26,13,5,25,2
1/3/2004,862,10,14,7,35,34,15
12/31/2003,861,35,18,2,17,22,28
12/27/2003,860,19,1,34,10,35,38
12/20/2003,859,11,22,29,4,6,3
12/13/2003,858,34,16,14,15,2,22
12/6/2003,857,35,17,38,30,22,6
11/29/2003,856,37,1,19,15,23,11
11/22/2003,855,25,5,16,39,24,32
11/15/2003,854,27,21,2,10,17,22
11/8/2003,853,25,13,12,39,27,36
11/1/2003,852,15,35,10,19,27,13
10/25/2003,851,22,35,19,26,30,2
10/18/2003,850,21,3,31,1,24,30
10/11/2003,849,24,32,9,26,28,31
10/4/2003,848,29,28,30,32,35,14
9/27/2003,847,33,20,16,5,35,26
9/20/2003,846,14,27,40,25,35,16
9/13/2003,845,14,19,30,13,6,26
9/6/2003,844,18,39,25,21,13,19
8/30/2003,843,7,40,23,33,18,28
8/23/2003,842,27,24,1,28,4,7
8/16/2003,841,16,17,19,7,12,9
8/9/2003,840,36,13,3,23,37,35
8/2/2003,839,19,29,32,3,6,8
7/26/2003,838,30,39,27,11,35,20
7/19/2003,837,32,5,35,1,38,40
7/12/2003,836,33,5,24,23,27,25
7/5/2003,835,19,14,37,11,9,36
6/28/2003,834,16,6,33,23,22,35
6/21/2003,833,30,20,10,35,32,25
6/14/2003,832,14,13,16,12,19,24
6/7/2003,831,16,9,1,14,29,19
5/31/2003,830,20,17,39,23,25,3
5/24/2003,829,22,4,10,37,25,1
5/17/2003,828,12,29,37,14,25,20
5/10/2003,827,40,26,16,3,1,36
5/3/2003,826,10,28,36,17,18,33
4/26/2003,825,40,13,18,15,24,33
4/19/2003,824,3,4,35,10,28,25
4/12/2003,823,2,4,31,6,39,21
4/5/2003,822,38,23,15,11,21,14
3/29/2003,821,28,23,36,1,16,14
3/22/2003,820,25,17,38,3,13,1
3/15/2003,819,21,15,11,23,9,24
3/8/2003,818,7,14,34,10,30,6
3/1/2003,817,39,22,32,8,29,36
2/22/2003,816,31,25,19,26,30,8
2/15/2003,815,30,28,10,23,7,16
2/8/2003,814,31,22,27,36,13,8
2/1/2003,813,3,35,6,8,9,39
1/25/2003,812,11,33,26,13,1,10
1/18/2003,811,36,8,31,12,9,38
1/11/2003,810,36,24,15,38,11,23
1/4/2003,809,1,27,6,3,23,38
12/28/2002,808,27,36,40,31,25,19
12/21/2002,807,5,3,19,25,31,35
12/14/2002,806,10,24,16,18,14,28
12/7/2002,805,1,34,39,14,38,37
11/30/2002,804,18,12,37,1,11,36
11/23/2002,803,25,33,21,14,38,5
11/16/2002,802,33,29,3,8,2,35
11/9/2002,801,2,9,33,22,1,32
11/2/2002,800,13,25,3,11,21,14
10/26/2002,799,23,26,40,4,12,38
10/19/2002,798,24,20,2,35,6,10
10/12/2002,797,36,32,35,13,24,40
10/5/2002,796,11,5,22,20,27,36
9/28/2002,795,1,14,37,26,2,28
9/21/2002,794,34,26,3,21,10,22
9/14/2002,793,27,13,25,19,18,7
9/7/2002,792,13,3,39,36,16,14
8/31/2002,791,32,29,16,38,33,40
8/24/2002,790,35,21,8,13,25,2
8/17/2002,789,21,11,22,7,17,28
8/10/2002,788,23,37,30,32,2,1
8/3/2002,787,27,6,25,4,2,1
7/27/2002,786,21,23,32,22,9,19
7/20/2002,785,6,8,7,30,18,5
7/13/2002,784,19,23,10,35,14,7
7/6/2002,783,4,31,11,3,28,35
6/29/2002,782,7,17,18,33,13,27
6/22/2002,781,29,26,30,17,7,3
6/15/2002,780,15,40,8,19,25,33
6/8/2002,779,24,16,2,27,22,26
6/1/2002,778,23,20,9,3,39,12
5/25/2002,777,27,10,39,13,8,18
5/18/2002,776,38,15,26,1,29,20
5/11/2002,775,14,7,30,10,29,24
5/4/2002,774,8,20,32,23,29,38
4/27/2002,773,1,39,27,16,15,20
4/20/2002,772,9,15,11,23,13,26
4/13/2002,771,22,13,17,40,19,36
4/6/2002,770,32,38,9,30,27,6
3/30/2002,769,20,12,23,10,40,5
3/23/2002,768,15,7,28,9,13,4
3/16/2002,767,25,15,14,3,40,28
3/9/2002,766,14,1,15,21,5,31
3/2/2002,765,40,16,18,20,29,3
2/23/2002,764,35,11,34,12,7,26
2/16/2002,763,27,37,29,26,25,20
2/9/2002,762,5,40,21,39,28,2
2/2/2002,761,37,11,15,35,13,14
1/26/2002,760,29,16,2,4,37,23
1/19/2002,759,19,10,36,2,31,21
1/12/2002,758,18,33,8,4,23,24
1/5/2002,757,35,13,31,20,23,2
12/29/2001,756,30,22,6,3,39,36
12/22/2001,755,8,23,32,5,29,9
12/15/2001,754,2,7,19,20,36,13
12/8/2001,753,38,37,13,40,28,36
12/1/2001,752,7,39,2,17,18,19
11/24/2001,751,5,3,20,9,27,6
11/17/2001,750,12,28,10,35,37,17
11/10/2001,749,2,8,30,26,7,32
11/3/2001,748,38,2,13,3,31,25
10/27/2001,747,26,30,39,16,3,34
10/20/2001,746,3,23,9,20,39,34
10/13/2001,745,1,14,24,9,23,35
10/6/2001,744,39,24,19,4,18,15
9/29/2001,743,24,7,4,17,30,31
9/22/2001,742,27,34,38,36,8,29
9/15/2001,741,10,11,37,1,39,30
9/8/2001,740,18,31,23,36,35,19
9/1/2001,739,7,39,11,37,27,30
8/25/2001,738,6,29,3,8,31,30
8/18/2001,737,26,19,9,39,2,3
8/11/2001,736,17,15,30,14,7,16
8/4/2001,735,26,23,11,28,6,1
7/28/2001,734,17,32,29,15,24,14
7/21/2001,733,5,16,3,34,12,27
7/14/2001,732,17,13,36,2,40,15
7/7/2001,731,40,9,7,26,32,27
6/30/2001,730,18,10,24,1,4,11
6/23/2001,729,9,23,27,12,21,19
6/16/2001,728,38,4,8,5,6,30
6/9/2001,727,40,11,7,27,26,21
6/2/2001,726,22,2,15,36,3,31
5/26/2001,725,1,28,18,27,34,6
5/19/2001,724,9,20,11,23,27,35
5/12/2001,723,12,18,33,3,35,21
5/5/2001,722,3,20,15,24,27,8
4/28/2001,721,2,3,19,20,13,8
4/21/2001,720,34,11,14,23,29,10
4/14/2001,719,6,12,40,35,39,38
4/7/2001,718,29,39,18,35,13,23
3/31/2001,717,2,28,4,8,27,16
3/24/2001,716,32,25,21,15,23,36
3/17/2001,715,4,34,7,3,13,12
3/10/2001,714,12,36,29,31,27,9
3/3/2001,713,33,16,36,37,19,8
2/24/2001,712,30,23,39,33,25,8
2/17/2001,711,37,12,13,14,6,11
2/10/2001,710,9,15,2,33,19,25
2/3/2001,709,39,27,7,16,4,14
1/27/2001,708,10,5,2,1,12,13
1/20/2001,707,38,9,37,29,4,6
1/13/2001,706,27,33,11,39,9,21
1/6/2001,705,8,20,7,6,1,36
12/30/2000,704,12,1,30,36,32,40
12/23/2000,703,22,27,12,32,38,10
12/16/2000,702,20,29,39,10,8,23
12/9/2000,701,16,17,31,13,12,7
12/2/2000,700,16,27,40,35,38,13
11/25/2000,699,3,8,36,15,23,32
11/18/2000,698,38,29,15,3,2,27
11/11/2000,697,25,27,26,3,39,10
11/4/2000,696,2,31,29,37,5,3
10/28/2000,695,24,10,27,6,9,29
10/21/2000,694,1,14,13,29,5,32
10/14/2000,693,6,13,29,35,25,38
10/7/2000,692,11,21,4,38,34,6
9/30/2000,691,26,29,20,8,36,24
9/23/2000,690,6,38,8,37,27,5
9/16/2000,689,7,31,1,27,18,4
9/9/2000,688,23,17,37,26,27,4
9/2/2000,687,22,11,3,23,17,2
8/26/2000,686,3,20,2,33,28,29
8/19/2000,685,21,1,7,31,16,37
8/12/2000,684,36,3,27,13,40,18
8/5/2000,683,1,36,16,17,6,40
7/29/2000,682,35,25,24,30,27,22
7/22/2000,681,25,5,11,35,38,3
7/15/2000,680,13,27,7,9,34,20
7/8/2000,679,3,40,17,33,14,1
7/1/2000,678,31,28,19,2,33,30
6/24/2000,677,25,18,4,8,34,24
6/17/2000,676,25,15,24,14,3,8
6/10/2000,675,10,38,26,12,9,27
6/3/2000,674,37,23,35,31,1,33
5/27/2000,673,18,27,17,11,39,12
5/20/2000,672,24,36,20,40,12,27
5/13/2000,671,38,19,6,27,23,5
5/6/2000,670,5,24,34,28,40,9
4/29/2000,669,19,39,25,31,13,18
4/22/2000,668,33,38,2,24,13,12
4/15/2000,667,13,17,32,18,39,31
4/8/2000,666,9,5,27,38,10,15
4/1/2000,665,28,10,26,23,25,36
3/25/2000,664,9,33,24,5,14,1
3/18/2000,663,20,4,21,18,8,29
3/11/2000,662,35,28,7,33,40,22
3/4/2000,661,2,15,26,13,30,39
2/26/2000,660,35,27,12,33,1,31
2/19/2000,659,22,1,19,8,2,29
2/12/2000,658,4,27,20,39,13,21
2/5/2000,657,6,32,9,26,36,21
1/29/2000,656,13,31,23,22,28,9
1/22/2000,655,4,22,27,10,33,9
1/15/2000,654,40,10,12,11,39,26
1/8/2000,653,23,7,33,2,28,15
1/5/2000,652,8,34,11,17,10,18
12/31/1999,651,30,23,20,27,21,38
12/25/1999,650,34,38,29,21,39,11
12/18/1999,649,13,24,29,22,21,19
12/11/1999,648,12,27,13,32,15,14
12/4/1999,647,9,37,31,29,13,11
11/27/1999,646,13,23,18,34,8,3
11/20/1999,645,4,6,34,3,2,28
11/13/1999,644,21,27,22,23,2,31
11/6/1999,643,37,38,9,20,19,36
10/30/1999,642,11,4,17,7,35,12
10/23/1999,641,15,25,39,10,34,23
10/16/1999,640,38,8,17,23,32,30
10/9/1999,639,36,39,35,33,16,3
10/2/1999,638,21,20,16,24,32,18
9/25/1999,637,20,13,10,3,22,40
9/18/1999,636,22,8,39,15,4,11
9/11/1999,635,7,37,25,23,1,14
9/4/1999,634,36,14,13,34,4,21
8/28/1999,633,24,27,39,15,26,10
8/21/1999,632,3,15,37,38,1,30
8/14/1999,631,28,25,11,17,36,37
8/7/1999,630,40,39,4,18,26,21
7/31/1999,629,27,1,22,9,13,2
7/24/1999,628,19,11,16,27,13,14
7/17/1999,627,37,8,10,2,25,22
7/10/1999,626,30,33,3,38,28,39
7/3/1999,625,1,2,12,9,37,25
6/26/1999,624,40,39,15,36,34,26
6/19/1999,623,31,7,3,28,10,33
6/12/1999,622,7,32,21,26,8,27
6/5/1999,621,25,17,40,1,39,7
5/29/1999,620,5,25,3,31,19,33
5/22/1999,619,13,19,23,26,25,3
5/15/1999,618,6,40,28,19,16,23
5/8/1999,617,33,23,29,16,20,37
5/1/1999,616,32,38,19,21,27,13
4/24/1999,615,2,28,5,7,13,9
4/17/1999,614,20,35,18,10,28,5
4/10/1999,613,33,35,28,32,13,23
4/3/1999,612,5,4,38,18,20,36
3/27/1999,611,23,37,26,16,2,38
3/20/1999,610,19,33,26,14,39,38
3/13/1999,609,12,1,27,32,2,26
3/6/1999,608,27,22,26,21,18,6
2/27/1999,607,24,6,15,33,27,23
2/20/1999,606,7,4,38,25,16,22
2/13/1999,605,8,5,13,33,31,28
2/6/1999,604,24,3,23,21,38,26
1/30/1999,603,10,21,20,3,24,36
1/23/1999,602,6,36,25,8,29,35
1/16/1999,601,31,28,12,9,1,26
1/9/1999,600,34,24,5,25,10,35
1/2/1999,599,33,12,26,35,38,22
12/31/1998,598,24,26,15,30,7,5
12/26/1998,597,18,9,20,23,33,7
12/19/1998,596,37,4,18,13,21,3
12/12/1998,595,18,33,12,5,39,26
12/5/1998,594,40,21,26,17,7,9
11/28/1998,593,36,32,38,33,34,13
11/21/1998,592,18,28,2,25,16,34
11/14/1998,591,1,11,33,31,5,7
11/7/1998,590,31,8,37,6,10,27
10/31/1998,589,27,2,32,7,34,20
10/24/1998,588,16,8,9,28,22,6
10/17/1998,587,36,14,24,2,12,40
10/10/1998,586,40,2,1,5,3,18
10/3/1998,585,10,12,40,19,8,16
9/26/1998,584,21,34,10,39,14,29
9/19/1998,583,8,34,30,7,24,23
9/12/1998,582,19,40,5,9,15,13
9/5/1998,581,35,36,13,16,1,39
8/29/1998,580,19,5,38,8,36,12
8/22/1998,579,33,12,36,34,21,39
8/15/1998,578,13,12,30,32,10,4
8/8/1998,577,6,20,12,8,37,7
8/1/1998,576,8,12,7,9,2,10
7/25/1998,575,25,19,40,16,31,14
7/18/1998,574,31,18,1,34,29,13
7/11/1998,573,10,14,27,2,1,29
7/4/1998,572,11,19,15,39,18,12
6/27/1998,571,28,35,5,33,29,6
6/20/1998,570,35,15,12,29,34,4
6/13/1998,569,32,11,21,16,37,6
6/6/1998,568,10,29,11,22,12,5
5/30/1998,567,34,20,4,7,19,28
5/23/1998,566,19,1,2,14,26,18
5/16/1998,565,13,1,38,11,17,31
5/9/1998,564,8,1,18,19,26,10
5/2/1998,563,24,18,29,16,11,6
4/25/1998,562,31,22,36,27,34,11
4/18/1998,561,1,33,2,11,3,25
4/11/1998,560,2,3,15,27,24,9
4/4/1998,559,4,39,18,8,35,7
3/28/1998,558,33,8,13,17,34,37
3/21/1998,557,13,11,39,18,14,32
3/14/1998,556,14,8,34,29,33,25
3/7/1998,555,3,4,9,17,23,38
2/28/1998,554,4,8,9,11,30,34
2/21/1998,553,1,9,11,26,35,39
2/14/1998,552,3,6,10,17,25,36
2/7/1998,551,2,3,6,9,17,20
1/31/1998,550,1,6,22,24,26,31
1/24/1998,549,3,8,14,15,18,24
1/17/1998,548,10,12,16,18,22,40
1/10/1998,547,7,9,21,26,33,37
1/3/1998,546,8,24,25,31,32,37
12/31/1997,545,7,10,12,27,31,32
12/27/1997,544,4,7,19,24,26,40
12/20/1997,543,3,15,17,20,26,31
12/13/1997,542,14,22,24,29,32,37
12/6/1997,541,2,6,11,13,17,30
11/29/1997,540,12,16,20,22,33,38
11/22/1997,539,3,7,16,19,20,34
11/15/1997,538,9,14,18,20,25,36
11/8/1997,537,8,25,28,31,33,39
11/1/1997,536,1,12,15,25,32,34
10/25/1997,535,6,17,22,23,26,38
10/18/1997,534,4,5,8,21,31,38
10/11/1997,533,9,15,17,25,27,36
10/4/1997,532,12,17,20,31,32,33
9/27/1997,531,12,17,20,29,34,38
9/20/1997,530,2,7,16,18,21,34
9/13/1997,529,1,13,15,23,30,40
9/6/1997,528,18,20,23,31,35,40
8/30/1997,527,6,19,22,29,32,33
8/23/1997,526,2,6,18,22,31,39
8/16/1997,525,1,6,10,19,31,38
8/9/1997,524,3,8,13,18,25,39
8/2/1997,523,6,10,19,20,37,39
7/26/1997,522,2,5,9,15,22,34
7/19/1997,521,4,5,9,12,20,37
7/12/1997,520,7,24,26,27,30,32
7/5/1997,519,3,6,14,17,31,33
6/28/1997,518,9,14,21,30,34,40
6/21/1997,517,2,3,7,9,13,15
6/14/1997,516,13,19,22,34,35,37
6/7/1997,515,9,19,20,27,32,35
5/31/1997,514,1,6,13,22,23,35
5/24/1997,513,9,16,20,21,30,31
5/17/1997,512,4,5,13,33,34,39
5/10/1997,511,1,3,4,25,35,40
5/3/1997,510,9,24,28,30,36,39
4/26/1997,509,15,16,32,36,38,39
4/19/1997,508,2,7,10,15,21,35
4/12/1997,507,11,14,19,33,34,35
4/5/1997,506,3,10,27,28,31,33
3/29/1997,505,7,10,29,32,33,39
3/22/1997,504,1,2,5,9,26,31
3/15/1997,503,14,18,21,30,34,36
3/8/1997,502,15,18,21,24,30,32
3/1/1997,501,4,10,23,25,26,35
2/22/1997,500,3,8,17,18,38,40
2/15/1997,499,2,11,14,16,19,40
2/8/1997,498,2,7,9,10,16,25
2/1/1997,497,8,12,15,19,26,30
1/25/1997,496,1,11,22,26,33,39
1/18/1997,495,1,7,20,22,24,30
1/11/1997,494,1,8,12,30,33,38
1/4/1997,493,4,11,14,26,32,38
12/28/1996,492,1,2,8,10,17,33
12/21/1996,491,8,13,15,23,24,32
12/14/1996,490,10,12,19,22,34,35
12/7/1996,489,1,6,20,26,27,30
11/30/1996,488,2,10,12,16,19,23
11/23/1996,487,4,5,7,12,15,39
11/16/1996,486,6,13,22,38,39,40
11/9/1996,485,1,9,10,23,29,34
11/2/1996,484,1,3,20,21,27,31
10/26/1996,483,12,14,25,27,31,33
10/19/1996,482,11,12,17,25,28,37
10/12/1996,481,7,14,16,24,28,40
10/5/1996,480,8,18,20,22,29,33
9/28/1996,479,9,10,12,15,21,26
9/21/1996,478,9,13,29,30,33,34
9/14/1996,477,2,3,11,12,26,39
9/7/1996,476,12,21,25,27,34,37
8/31/1996,475,6,11,13,27,28,29
8/24/1996,474,3,7,8,21,29,39
8/17/1996,473,5,9,10,15,21,30
8/10/1996,472,2,5,11,13,19,28
8/3/1996,471,8,14,18,20,28,31
7/27/1996,470,9,13,14,16,18,30
7/20/1996,469,5,9,15,22,24,36
7/13/1996,468,1,11,12,14,15,34
7/6/1996,467,1,9,24,26,33,36
6/29/1996,466,15,16,18,23,25,40
6/22/1996,465,4,6,11,12,19,20
6/15/1996,464,11,20,24,25,29,40
6/8/1996,463,3,5,9,14,19,22
6/1/1996,462,2,3,18,21,26,36
5/25/1996,461,3,4,6,12,26,32
5/18/1996,460,2,15,17,21,24,38
5/11/1996,459,4,13,14,25,26,37
5/4/1996,458,8,9,13,20,23,36
4/27/1996,457,6,12,15,19,25,29
4/20/1996,456,7,11,15,17,31,33
4/13/1996,455,5,11,23,29,35,39
4/6/1996,454,5,11,15,18,24,29
3/30/1996,453,5,14,20,36,39,40
3/23/1996,452,12,22,25,28,34,40
3/16/1996,451,6,13,18,20,22,24
3/9/1996,450,3,11,16,28,30,40
3/2/1996,449,7,21,26,29,36,37
2/24/1996,448,1,5,22,25,28,30
2/17/1996,447,7,10,15,23,24,27
2/10/1996,446,5,10,19,20,27,30
2/3/1996,445,5,12,13,32,33,38
1/27/1996,444,6,8,13,15,38,39
1/20/1996,443,8,20,22,25,32,34
1/13/1996,442,1,11,22,31,33,34
1/6/1996,441,2,14,16,22,23,34
12/30/1995,440,1,8,9,19,22,30
12/23/1995,439,8,12,23,25,29,30
12/16/1995,438,9,15,23,28,33,34
12/9/1995,437,1,5,7,18,20,40
12/2/1995,436,15,20,25,29,33,38
11/25/1995,435,11,19,20,24,33,35
11/18/1995,434,5,15,19,27,29,33
11/11/1995,433,1,7,15,20,37,38
11/4/1995,432,5,26,29,35,38,39
10/28/1995,431,4,7,12,14,35,38
10/21/1995,430,3,12,13,19,24,28
10/14/1995,429,1,4,11,15,19,24
10/7/1995,428,1,4,21,22,28,30
9/30/1995,427,2,5,14,29,39,40
9/23/1995,426,9,12,19,21,37,40
9/16/1995,425,4,13,21,24,28,38
9/9/1995,424,4,9,16,24,28,33
9/2/1995,423,4,13,14,16,19,22
8/26/1995,422,1,3,12,16,26,40
8/19/1995,421,2,7,10,30,33,39
8/12/1995,420,3,20,25,36,37,38
8/5/1995,419,6,8,16,20,23,25
7/29/1995,418,9,19,22,28,32,34
7/22/1995,417,5,14,18,20,30,31
7/15/1995,416,5,6,7,8,15,22
7/8/1995,415,7,10,17,22,34,38
7/1/1995,414,4,14,20,24,27,31
6/24/1995,413,1,3,5,26,27,35
6/17/1995,412,5,17,18,19,31,36
6/10/1995,411,2,6,10,21,31,35
6/3/1995,410,8,21,23,28,30,32
5/27/1995,409,7,9,11,17,18,28
5/20/1995,408,2,3,13,22,25,35
5/13/1995,407,4,18,27,28,30,39
5/6/1995,406,4,24,26,30,33,37
4/29/1995,405,2,3,12,15,18,26
4/22/1995,404,2,3,21,23,29,33
4/15/1995,403,4,5,13,15,16,21
4/8/1995,402,5,6,11,17,31,34
4/1/1995,401,2,3,15,16,22,39
3/25/1995,400,4,14,22,32,36,39
3/18/1995,399,17,20,22,31,36,38
3/11/1995,398,2,4,12,17,22,25
3/4/1995,397,7,8,9,13,21,32
2/25/1995,396,7,11,26,29,31,37
2/18/1995,395,3,4,20,25,26,37
2/11/1995,394,8,15,19,24,31,40
2/4/1995,393,1,21,22,28,31,40
1/28/1995,392,5,8,15,23,33,37
1/21/1995,391,1,21,22,24,33,40
1/14/1995,390,19,21,22,34,36,39
1/7/1995,389,1,7,15,21,31,37
12/31/1994,388,16,19,24,27,31,39
12/24/1994,387,16,17,23,30,32,38
12/17/1994,386,1,8,12,22,30,39
12/10/1994,385,9,17,21,27,35,36
12/3/1994,384,7,8,10,16,17,40
11/26/1994,383,5,12,16,19,24,27
11/19/1994,382,5,21,28,34,35,36
11/12/1994,381,8,10,12,21,22,26
11/5/1994,380,10,11,24,27,32,40
10/29/1994,379,23,25,26,27,34,35
10/22/1994,378,14,17,28,32,35,39
10/15/1994,377,1,14,16,25,37,39
10/8/1994,376,2,14,18,24,26,38
10/1/1994,375,2,6,7,16,21,40
9/24/1994,374,9,20,22,25,30,39
9/17/1994,373,7,9,30,31,38,40
9/10/1994,372,6,7,9,22,25,36
9/3/1994,371,3,10,14,21,24,32
8/27/1994,370,11,14,18,22,26,38
8/20/1994,369,4,10,12,23,25,35
8/13/1994,368,5,7,12,28,33,34
8/6/1994,367,9,10,12,14,22,23
7/30/1994,366,17,18,23,30,39,40
7/23/1994,365,7,21,25,26,36,39
7/16/1994,364,1,7,20,28,30,38
7/9/1994,363,9,15,18,19,31,39
7/2/1994,362,10,11,14,23,24,31
6/25/1994,361,1,9,10,23,24,30
6/18/1994,360,2,24,29,31,35,37
6/11/1994,359,4,9,22,32,35,38
6/4/1994,358,6,19,25,29,31,33
5/28/1994,357,17,21,33,35,37,39
5/21/1994,356,1,8,14,33,37,38
5/14/1994,355,8,19,20,24,35,39
5/7/1994,354,5,6,18,22,30,34
4/30/1994,353,7,28,29,30,32,37
4/23/1994,352,3,7,9,17,32,33
4/16/1994,351,2,7,22,25,33,34
4/9/1994,350,6,13,22,25,28,33
4/2/1994,349,4,8,32,34,37,38
3/26/1994,348,1,7,8,20,34,40
3/19/1994,347,6,10,19,25,30,38
3/12/1994,346,11,13,17,18,32,36
3/5/1994,345,1,4,5,21,27,37
2/26/1994,344,7,9,10,28,34,40
2/19/1994,343,1,4,24,30,35,36
2/12/1994,342,1,7,10,12,23,39
2/5/1994,341,6,11,14,17,19,40
1/29/1994,340,7,11,13,17,26,28
1/22/1994,339,5,15,22,33,37,40
1/15/1994,338,2,4,8,14,33,38
1/8/1994,337,6,13,15,20,30,38
1/1/1994,336,1,21,32,34,38,40
12/25/1993,335,6,14,33,34,36,38
12/18/1993,334,1,7,10,20,34,40
12/11/1993,333,8,14,20,29,36,39
12/4/1993,332,4,10,20,21,32,34
11/27/1993,331,5,8,15,22,30,34
11/20/1993,330,7,12,13,14,21,24
11/13/1993,329,3,4,18,20,26,31
11/6/1993,328,2,6,16,20,26,33
10/30/1993,327,3,21,23,24,27,28
10/23/1993,326,3,7,21,31,33,35
10/16/1993,325,2,7,20,26,28,30
10/9/1993,324,4,7,13,31,33,34
10/2/1993,323,3,8,15,19,25,30
9/25/1993,322,12,16,18,21,29,40
9/18/1993,321,1,4,12,21,30,32
9/11/1993,320,31,32,33,35,36,38
9/4/1993,319,9,11,22,34,35,40
8/28/1993,318,1,9,11,23,26,34
8/21/1993,317,1,7,10,15,20,35
8/14/1993,316,3,4,5,19,20,23
8/7/1993,315,1,12,19,24,26,32
7/31/1993,314,10,15,24,33,37,40
7/24/1993,313,12,13,14,16,17,23
7/17/1993,312,9,18,20,25,36,39
7/10/1993,311,2,13,16,21,37,39
7/3/1993,310,6,13,15,18,27,29
6/26/1993,309,4,5,20,26,27,31
6/19/1993,308,2,15,21,28,32,36
6/12/1993,307,7,12,14,16,22,34
6/5/1993,306,6,31,34,35,36,37
5/29/1993,305,7,11,13,14,22,36
5/22/1993,304,2,10,13,14,30,31
5/15/1993,303,7,8,19,36,39,40
5/8/1993,302,4,11,18,35,37,39
5/1/1993,301,5,8,21,23,25,31
4/24/1993,300,12,18,26,27,28,37
4/17/1993,299,6,8,9,21,28,34
4/10/1993,298,12,24,27,28,33,36
4/3/1993,297,7,36,8,1,31,4
3/27/1993,296,28,6,26,15,7,33
3/20/1993,295,32,26,3,39,24,28
3/13/1993,294,9,5,31,27,19,25
3/6/1993,293,15,31,3,5,40,17
2/27/1993,292,17,32,25,30,38,20
2/20/1993,291,30,4,28,9,12,36
2/13/1993,290,4,6,3,10,19,38
2/6/1993,289,38,19,28,1,7,23
1/30/1993,288,39,35,12,13,8,6
1/23/1993,287,21,1,29,15,22,12
1/16/1993,286,3,2,14,7,8,26
1/9/1993,285,19,5,29,31,12,28
1/2/1993,284,22,38,2,21,14,24
12/26/1992,283,10,29,19,24,16,33
12/19/1992,282,35,17,3,34,38,29
12/12/1992,281,3,25,6,16,38,5
12/5/1992,280,38,4,35,23,16,14
11/28/1992,279,15,6,14,11,27,36
11/21/1992,278,7,33,19,38,34,37
11/14/1992,277,5,22,25,3,1,37
11/7/1992,276,1,22,33,2,25,18
10/31/1992,275,24,22,3,13,7,38
10/24/1992,274,6,17,24,1,5,10
10/17/1992,273,13,28,23,6,18,34
10/10/1992,272,11,12,21,17,39,33
10/3/1992,271,5,22,25,7,31,38
9/26/1992,270,40,38,9,30,1,10
9/19/1992,269,39,37,21,3,26,12
9/12/1992,268,37,24,16,27,30,21
9/5/1992,267,24,26,32,16,10,22
8/29/1992,266,23,35,19,14,29,3
8/22/1992,265,24,32,31,14,17,10
8/15/1992,264,24,4,29,14,5,17
8/8/1992,263,2,32,8,31,30,5
8/1/1992,262,39,19,7,28,5,18
7/25/1992,261,16,28,13,6,36,12
7/18/1992,260,13,15,38,2,40,8
7/11/1992,259,29,39,15,30,40,23
7/4/1992,258,8,13,16,9,4,32
6/27/1992,257,15,5,17,26,34,4
6/20/1992,256,16,38,28,34,12,20
6/13/1992,255,25,13,28,4,5,18
6/6/1992,254,8,7,37,34,21,11
5/30/1992,253,7,21,32,4,36,6
5/23/1992,252,24,2,9,3,25,22
5/16/1992,251,16,37,15,21,8,35
5/9/1992,250,40,10,18,1,35,20
5/2/1992,249,24,5,8,40,35,38
4/25/1992,248,4,28,15,3,20,37
4/18/1992,247,27,38,12,35,25,17
4/11/1992,246,26,10,9,13,39,22
4/4/1992,245,17,3,8,26,25,38
3/28/1992,244,20,7,14,19,32,11
3/21/1992,243,6,25,33,27,8,1
3/14/1992,242,40,38,6,34,32,36
3/7/1992,241,20,35,1,33,5,27
2/29/1992,240,39,8,17,36,7,28
2/22/1992,239,3,22,27,38,2,40
2/15/1992,238,39,1,40,9,20,37
2/8/1992,237,20,5,13,22,14,36
2/1/1992,236,35,20,26,28,5,15
1/25/1992,235,28,25,38,17,24,12
1/18/1992,234,14,17,37,6,27,38
1/11/1992,233,37,23,19,8,12,15
1/4/1992,232,1,20,36,13,25,31
12/28/1991,231,25,5,1,13,21,10
12/21/1991,230,10,5,1,16,40,38
12/14/1991,229,16,37,29,24,3,10
12/7/1991,228,39,33,27,20,30,17
11/30/1991,227,20,6,19,26,8,7
11/23/1991,226,15,5,36,40,32,10
11/16/1991,225,13,21,22,18,27,16
11/9/1991,224,28,34,5,13,15,39
11/2/1991,223,22,17,7,4,40,32
10/26/1991,222,7,37,22,36,11,21
10/19/1991,221,11,27,12,13,8,3
10/12/1991,220,34,22,30,16,11,3
10/5/1991,219,6,12,1,15,35,36
9/28/1991,218,36,12,7,11,26,14
9/21/1991,217,17,27,21,40,12,23
9/14/1991,216,2,25,26,4,36,39
9/7/1991,215,10,27,37,7,34,12
8/31/1991,214,29,34,36,25,7,16
8/24/1991,213,20,7,17,28,5,39
8/17/1991,212,31,1,8,30,29,12
8/10/1991,211,16,27,29,2,6,12
8/3/1991,210,17,37,12,22,33,30
7/27/1991,209,31,32,1,18,33,23
7/20/1991,208,34,18,5,32,9,15
7/13/1991,207,3,2,6,14,1,30
7/6/1991,206,25,21,23,33,35,38
6/29/1991,205,22,28,5,38,34,39
6/22/1991,204,19,15,34,11,24,29
6/15/1991,203,26,10,3,30,25,24
6/8/1991,202,3,34,15,38,8,29
6/1/1991,201,11,16,5,28,29,30
5/25/1991,200,29,24,13,1,34,26
5/18/1991,199,32,37,18,26,38,1
5/11/1991,198,24,1,6,16,39,38
5/4/1991,197,30,17,36,12,22,8
4/27/1991,196,32,6,39,16,4,24
4/20/1991,195,27,36,14,7,30,15
4/13/1991,194,1,14,30,39,29,7
4/6/1991,193,22,9,1,32,26,10
3/30/1991,192,23,26,13,31,36,20
3/23/1991,191,16,11,40,34,5,2
3/16/1991,190,27,37,32,22,13,29
3/9/1991,189,16,22,26,19,23,18
3/2/1991,188,5,37,39,28,1,7
2/23/1991,187,38,40,9,25,31,6
2/16/1991,186,22,20,30,1,8,38
2/9/1991,185,28,20,33,34,22,18
2/2/1991,184,11,16,8,26,15,21
1/26/1991,183,30,39,40,15,23,37
1/19/1991,182,30,24,15,19,3,14
1/12/1991,181,16,12,13,28,24,22
1/5/1991,180,9,13,24,4,31,11
12/29/1990,179,35,26,15,6,11,18
12/22/1990,178,4,26,3,20,15,18
12/15/1990,177,21,15,9,6,18,16
12/8/1990,176,7,14,8,1,37,25
12/1/1990,175,39,12,33,35,27,19
11/24/1990,174,17,25,36,14,18,2
11/17/1990,173,40,14,7,2,22,11
11/10/1990,172,32,29,16,37,24,22
11/3/1990,171,3,1,6,32,11,24
10/27/1990,170,35,37,28,30,21,33
10/20/1990,169,5,18,20,24,1,33
10/13/1990,168,14,4,32,9,2,28
10/6/1990,167,32,24,10,4,2,17
9/29/1990,166,14,1,24,37,17,18
9/22/1990,165,10,32,2,40,3,18
9/15/1990,164,30,38,1,10,40,15
9/8/1990,163,8,25,38,24,9,17
9/1/1990,162,22,26,10,40,36,35
8/25/1990,161,25,35,5,12,4,14
8/18/1990,160,18,35,13,20,25,27
8/11/1990,159,8,29,21,37,34,24
8/4/1990,158,11,27,22,35,29,19
7/28/1990,157,26,28,39,36,25,17
7/21/1990,156,8,22,4,18,10,21
7/14/1990,155,4,29,7,37,18,9
7/7/1990,154,40,10,20,38,33,36
6/30/1990,153,29,31,28,40,38,2
6/23/1990,152,10,33,14,2,24,7
6/16/1990,151,24,29,6,7,35,22
6/9/1990,150,22,18,12,15,27,20
6/2/1990,149,17,10,31,4,23,5
5/26/1990,148,31,35,33,12,28,8
5/19/1990,147,3,11,25,26,35,38
5/12/1990,146,4,40,21,6,33,16
5/5/1990,145,26,28,12,17,22,7
4/28/1990,144,14,37,8,36,1,10
4/21/1990,143,34,37,3,16,18,2
4/14/1990,142,24,7,4,35,18,29
4/7/1990,141,32,19,18,4,28,6
3/31/1990,140,8,40,27,30,37,12
3/24/1990,139,35,13,21,16,22,30
3/17/1990,138,1,18,29,40,25,7
3/10/1990,137,31,13,4,16,2,8
3/3/1990,136,12,32,35,14,33,36
2/24/1990,135,23,19,6,13,38,8
2/17/1990,134,21,26,11,33,2,35
2/10/1990,133,12,5,8,26,16,1
2/3/1990,132,25,39,21,13,31,37
1/27/1990,131,39,18,40,32,3,2
1/20/1990,130,22,11,8,3,12,19
1/13/1990,129,5,35,26,25,30,17
1/6/1990,128,1,27,13,19,3,6
12/30/1989,127,3,10,7,27,26,39
12/23/1989,126,32,3,38,25,14,28
12/16/1989,125,18,32,15,17,19,26
12/9/1989,124,33,15,14,11,40,1
12/2/1989,123,36,5,23,26,33,20
11/25/1989,122,26,20,11,1,40,13
11/18/1989,121,29,26,6,27,8,13
11/11/1989,120,26,6,13,19,34,39
11/4/1989,119,33,28,23,12,34,17
10/28/1989,118,37,9,30,1,27,33
10/21/1989,117,5,19,39,1,9,31
10/14/1989,116,11,29,34,14,8,12
10/7/1989,115,18,27,7,30,14,13
9/30/1989,114,40,7,2,16,27,21
9/23/1989,113,18,2,35,33,6,36
9/16/1989,112,39,36,21,35,22,14
9/9/1989,111,25,24,18,29,16,19
9/2/1989,110,1,31,39,36,23,35
8/26/1989,109,21,5,2,32,37,16
8/19/1989,108,18,10,30,19,35,34
8/12/1989,107,25,15,6,12,35,27
8/5/1989,106,14,22,10,27,4,29
7/29/1989,105,27,11,25,39,31,15
7/22/1989,104,34,17,40,14,26,7
7/15/1989,103,24,33,6,30,2,9
7/8/1989,102,4,19,6,18,37,39
7/1/1989,101,21,6,36,37,11,12
6/24/1989,100,30,14,9,24,18,29
6/17/1989,99,3,15,16,31,21,14
6/10/1989,98,40,26,30,1,12,9
6/3/1989,97,14,18,29,23,24,16
5/27/1989,96,38,32,21,27,11,2
5/20/1989,95,3,23,34,14,11,12
5/13/1989,94,35,4,12,33,19,26
5/6/1989,93,38,30,35,36,6,7
4/29/1989,92,26,4,19,2,28,35
4/22/1989,91,34,35,18,5,25,38
4/15/1989,90,6,28,2,13,24,18
4/8/1989,89,17,27,10,38,16,29
4/1/1989,88,4,31,3,16,33,36
3/25/1989,87,25,11,37,29,38,33
3/18/1989,86,4,5,18,29,27,11
3/11/1989,85,40,6,37,33,22,1
3/4/1989,84,31,6,1,17,16,33
2/25/1989,83,37,27,17,7,33,10
2/18/1989,82,10,3,23,38,8,4
2/11/1989,81,2,38,30,1,29,3
2/4/1989,80,23,21,24,5,8,28
1/28/1989,79,19,17,35,10,21,26
1/21/1989,78,18,22,31,25,35,37
1/14/1989,77,13,20,4,28,16,18
1/7/1989,76,27,26,21,5,36,10
12/31/1988,75,28,6,9,1,15,17
12/24/1988,74,12,39,1,35,37,34
12/17/1988,73,5,34,16,20,15,6
12/10/1988,72,21,39,20,40,22,17
12/3/1988,71,40,2,3,30,35,25
11/26/1988,70,30,23,21,32,29,7
11/19/1988,69,14,25,10,17,38,36
11/12/1988,68,6,12,9,38,39,31
11/5/1988,67,13,36,9,29,27,19
10/29/1988,66,22,40,17,38,19,26
10/22/1988,65,38,16,30,6,9,32
10/15/1988,64,39,1,25,22,27,37
10/8/1988,63,30,27,22,39,34,19
10/1/1988,62,23,28,3,2,18,20
9/24/1988,61,21,8,1,36,2,12
9/17/1988,60,5,34,36,32,8,23
9/10/1988,59,36,12,9,5,40,10
9/3/1988,58,29,12,3,23,37,11
8/27/1988,57,16,13,7,18,22,37
8/20/1988,56,12,6,5,27,9,29
8/13/1988,55,31,38,16,20,11,23
8/6/1988,54,1,39,29,16,22,40
7/30/1988,53,22,34,18,32,25,21
7/23/1988,52,4,35,33,24,30,8
7/16/1988,51,36,19,35,11,27,24
7/9/1988,50,24,37,13,15,33,28
7/2/1988,49,9,29,13,25,22,4
6/25/1988,48,37,29,14,21,38,30
6/18/1988,47,20,32,23,21,22,34
6/11/1988,46,34,9,10,11,14,6
6/4/1988,45,30,13,8,2,24,31
5/28/1988,44,4,7,12,9,33,31
5/21/1988,43,28,9,14,36,17,37
5/14/1988,42,40,29,31,8,14,24
5/7/1988,41,2,3,11,12,34,25
4/30/1988,40,20,27,30,3,2,24
4/23/1988,39,7,17,11,19,37,36
4/16/1988,38,29,14,8,38,13,39
4/9/1988,37,39,21,2,8,6,23
4/2/1988,36,34,22,5,31,11,27
3/26/1988,35,1,20,8,39,27,30
3/19/1988,34,2,7,18,20,40,12
3/12/1988,33,19,39,7,14,3,24
3/5/1988,32,32,20,24,30,16,33
2/27/1988,31,14,34,10,17,11,5
2/20/1988,30,35,39,40,37,15,6
2/13/1988,29,21,24,32,22,25,31
2/6/1988,28,23,13,10,3,15,33
1/30/1988,27,14,28,7,29,3,5
1/23/1988,26,7,15,24,38,27,39
1/16/1988,25,12,16,34,29,8,5
1/9/1988,24,35,31,9,22,34,12
1/2/1988,23,40,38,26,13,17,27
12/26/1987,22,18,9,25,39,29,38
12/19/1987,21,38,5,17,37,15,20
12/12/1987,20,29,9,8,32,5,18
12/5/1987,19,24,40,32,10,7,34
11/28/1987,18,1,34,15,18,33,28
11/21/1987,17,39,18,27,30,6,17
11/14/1987,16,35,7,20,37,36,31
11/7/1987,15,37,29,18,23,17,32
10/31/1987,14,39,30,20,23,28,26
10/24/1987,13,37,5,27,3,30,15
10/17/1987,12,18,9,31,21,6,37
10/10/1987,11,36,12,20,39,15,11
10/3/1987,10,19,20,11,4,28,18
9/26/1987,9,15,2,32,27,4,9
9/19/1987,8,13,17,26,38,8,37
9/12/1987,7,14,1,34,23,5,28
9/5/1987,6,12,20,17,39,31,1
8/29/1987,5,23,7,3,8,12,11
8/22/1987,4,35,2,29,10,4,11
8/15/1987,3,11,26,18,39,22,5
8/8/1987,2,3,9,39,13,36,20
8/1/1987,1,4,29,16,40,8,32
