prediction_date,generation_timestamp,run_id,line_id,n1,n2,n3,n4,n5,n6,powerball
2025-12-30,2026-03-18T10:26:45.761100,7791e2be,1,1,12,14,25,34,36,2
2025-12-26,2026-03-18T10:26:45.761100,7791e2be,2,3,4,12,20,35,39,9
2025-12-23,2026-03-18T10:26:45.761100,7791e2be,3,8,16,19,21,22,38,5
2025-12-19,2026-03-18T10:26:45.761100,7791e2be,4,2,9,21,32,35,39,6
2025-12-16,2026-03-18T10:26:45.761100,7791e2be,5,7,12,17,18,25,30,8
2025-12-12,2026-03-18T10:26:45.761100,7791e2be,6,3,9,12,20,34,36,6
2025-12-09,2026-03-18T10:26:45.761100,7791e2be,7,1,12,19,24,35,40,3
2025-12-05,2026-03-18T10:26:45.761100,7791e2be,8,3,5,6,17,21,22,10
2025-12-02,2026-03-18T10:26:45.761100,7791e2be,9,5,8,16,25,27,35,7
2025-11-28,2026-03-18T10:26:45.761100,7791e2be,10,1,8,18,19,21,38,1
2025-11-25,2026-03-18T10:26:45.761100,7791e2be,11,1,2,5,35,36,39,7
2025-11-21,2026-03-18T10:26:45.761100,7791e2be,12,8,17,20,21,25,32,1
2025-11-18,2026-03-18T10:26:45.761100,7791e2be,13,14,18,19,22,23,37,10
2025-11-14,2026-03-18T10:26:45.761100,7791e2be,14,1,5,11,16,32,40,7
2025-11-11,2026-03-18T10:26:45.761100,7791e2be,15,11,16,19,21,23,24,1
2025-11-07,2026-03-18T10:26:45.761100,7791e2be,16,3,6,21,24,28,32,7
2025-11-04,2026-03-18T10:26:45.761100,7791e2be,17,8,9,13,15,29,34,2
2025-10-31,2026-03-18T10:26:45.761100,7791e2be,18,2,5,12,17,30,31,4
2025-10-28,2026-03-18T10:26:45.761100,7791e2be,19,9,14,17,21,24,30,9
2025-10-24,2026-03-18T10:26:45.761100,7791e2be,20,5,10,18,20,23,35,10
2025-10-21,2026-03-18T10:26:45.761100,7791e2be,21,2,15,25,29,30,34,2
2025-10-17,2026-03-18T10:26:45.761100,7791e2be,22,7,14,25,27,29,30,3
2025-10-14,2026-03-18T10:26:45.761100,7791e2be,23,13,14,21,28,32,37,7
2025-10-10,2026-03-18T10:26:45.761100,7791e2be,24,3,8,9,17,23,34,5
2025-10-07,2026-03-18T10:26:45.761100,7791e2be,25,7,10,12,15,27,29,1
2025-10-03,2026-03-18T10:26:45.761100,7791e2be,26,4,8,18,27,31,34,3
2025-09-30,2026-03-18T10:26:45.761100,7791e2be,27,1,16,20,26,29,37,8
2025-09-26,2026-03-18T10:26:45.761100,7791e2be,28,8,16,17,21,31,38,7
2025-09-23,2026-03-18T10:26:45.761100,7791e2be,29,16,18,20,31,33,39,1
2025-09-19,2026-03-18T10:26:45.761100,7791e2be,30,10,18,22,27,31,33,4
2025-09-16,2026-03-18T10:26:45.761100,7791e2be,31,4,5,11,37,39,40,8
2025-09-12,2026-03-18T10:26:45.761100,7791e2be,32,1,9,18,22,31,39,10
2025-09-09,2026-03-18T10:26:45.761100,7791e2be,33,16,17,22,30,35,38,3
2025-09-05,2026-03-18T10:26:45.761100,7791e2be,34,8,11,17,24,34,37,1
2025-09-02,2026-03-18T10:26:45.761100,7791e2be,35,4,7,17,21,26,39,8
2025-08-29,2026-03-18T10:26:45.761100,7791e2be,36,6,9,27,30,31,35,8
2025-08-26,2026-03-18T10:26:45.761100,7791e2be,37,2,15,17,29,39,40,7
2025-08-22,2026-03-18T10:26:45.761100,7791e2be,38,11,16,23,25,26,30,3
2025-08-19,2026-03-18T10:26:45.761100,7791e2be,39,1,4,5,29,37,40,2
2025-08-15,2026-03-18T10:26:45.761100,7791e2be,40,3,6,12,19,22,23,3
2025-08-12,2026-03-18T10:26:45.761100,7791e2be,41,11,14,24,25,33,40,7
2025-08-08,2026-03-18T10:26:45.761100,7791e2be,42,17,18,23,28,31,38,3
2025-08-05,2026-03-18T10:26:45.761100,7791e2be,43,4,10,16,21,28,29,3
2025-08-01,2026-03-18T10:26:45.761100,7791e2be,44,6,12,16,21,36,37,2
2025-07-29,2026-03-18T10:26:45.761100,7791e2be,45,5,8,20,26,28,39,8
2025-07-25,2026-03-18T10:26:45.761100,7791e2be,46,11,17,19,22,28,38,5
2025-07-22,2026-03-18T10:26:45.761100,7791e2be,47,3,8,15,20,22,36,10
2025-07-18,2026-03-18T10:26:45.761100,7791e2be,48,1,4,13,26,36,38,8
2025-07-15,2026-03-18T10:26:45.761100,7791e2be,49,4,10,20,24,27,33,5
2025-07-11,2026-03-18T10:26:45.761100,7791e2be,50,17,18,21,25,35,38,8
2025-07-08,2026-03-18T10:26:45.761100,7791e2be,51,7,10,16,19,30,33,1
2025-07-04,2026-03-18T10:26:45.761100,7791e2be,52,11,13,16,20,23,35,3
2025-07-01,2026-03-18T10:26:45.761100,7791e2be,53,11,13,15,22,23,36,4
2025-06-27,2026-03-18T10:26:45.761100,7791e2be,54,7,9,23,26,28,37,7
2025-06-24,2026-03-18T10:26:45.761100,7791e2be,55,9,10,18,22,27,33,7
2025-06-20,2026-03-18T10:26:45.761100,7791e2be,56,4,14,23,30,32,33,2
2025-06-17,2026-03-18T10:26:45.761100,7791e2be,57,1,13,22,23,32,35,8
2025-06-13,2026-03-18T10:26:45.761100,7791e2be,58,8,12,13,15,36,38,9
2025-06-10,2026-03-18T10:26:45.761100,7791e2be,59,2,4,11,15,31,36,7
2025-06-06,2026-03-18T10:26:45.761100,7791e2be,60,6,7,18,22,32,39,1
2025-06-03,2026-03-18T10:26:45.761100,7791e2be,61,1,18,24,28,35,36,9
2025-05-30,2026-03-18T10:26:45.761100,7791e2be,62,5,11,18,26,32,38,1
2025-05-27,2026-03-18T10:26:45.761100,7791e2be,63,1,2,11,25,27,32,10
2025-05-23,2026-03-18T10:26:45.761100,7791e2be,64,13,16,20,23,33,40,4
2025-05-20,2026-03-18T10:26:45.761100,7791e2be,65,3,15,20,24,28,31,7
2025-05-16,2026-03-18T10:26:45.761100,7791e2be,66,4,12,15,19,23,39,3
2025-05-13,2026-03-18T10:26:45.761100,7791e2be,67,4,5,7,16,21,24,2
2025-05-09,2026-03-18T10:26:45.761100,7791e2be,68,2,7,9,30,38,40,3
2025-05-06,2026-03-18T10:26:45.761100,7791e2be,69,3,12,14,19,27,35,4
2025-05-02,2026-03-18T10:26:45.761100,7791e2be,70,3,7,18,27,30,33,5
2025-04-29,2026-03-18T10:26:45.761100,7791e2be,71,5,10,11,28,31,36,4
2025-04-25,2026-03-18T10:26:45.761100,7791e2be,72,4,6,13,19,24,36,8
2025-04-22,2026-03-18T10:26:45.761100,7791e2be,73,11,17,21,25,26,32,10
2025-04-18,2026-03-18T10:26:45.761100,7791e2be,74,8,13,24,25,29,34,1
2025-04-15,2026-03-18T10:26:45.761100,7791e2be,75,1,14,18,21,25,26,1
2025-04-11,2026-03-18T10:26:45.761100,7791e2be,76,10,11,18,23,25,39,4
2025-04-08,2026-03-18T10:26:45.761100,7791e2be,77,1,2,6,19,29,39,5
2025-04-04,2026-03-18T10:26:45.761100,7791e2be,78,9,15,17,25,26,34,2
2025-04-01,2026-03-18T10:26:45.761100,7791e2be,79,1,14,20,28,31,36,2
2025-03-28,2026-03-18T10:26:45.761100,7791e2be,80,10,18,21,30,31,38,6
2025-03-25,2026-03-18T10:26:45.761100,7791e2be,81,8,10,22,25,34,39,5
2025-03-21,2026-03-18T10:26:45.761100,7791e2be,82,2,6,11,21,35,38,1
2025-03-18,2026-03-18T10:26:45.761100,7791e2be,83,1,8,10,26,35,39,1
2025-03-14,2026-03-18T10:26:45.761100,7791e2be,84,15,19,24,26,27,32,8
2025-03-11,2026-03-18T10:26:45.761100,7791e2be,85,4,7,10,29,36,40,1
2025-03-07,2026-03-18T10:26:45.761100,7791e2be,86,1,7,9,14,24,38,9
2025-03-04,2026-03-18T10:26:45.761100,7791e2be,87,1,3,6,23,34,35,3
2025-02-28,2026-03-18T10:26:45.761100,7791e2be,88,3,4,14,18,26,39,2
2025-02-25,2026-03-18T10:26:45.761100,7791e2be,89,9,10,12,23,32,38,8
2025-02-21,2026-03-18T10:26:45.761100,7791e2be,90,1,15,16,32,36,38,2
2025-02-18,2026-03-18T10:26:45.761100,7791e2be,91,5,11,15,22,29,40,9
2025-02-14,2026-03-18T10:26:45.761100,7791e2be,92,9,10,20,25,35,38,10
2025-02-11,2026-03-18T10:26:45.761100,7791e2be,93,1,8,17,24,32,34,1
2025-02-07,2026-03-18T10:26:45.761100,7791e2be,94,2,5,6,15,24,35,9
2025-02-04,2026-03-18T10:26:45.761100,7791e2be,95,1,6,26,29,30,36,5
2025-01-31,2026-03-18T10:26:45.761100,7791e2be,96,5,18,22,25,27,40,7
2025-01-28,2026-03-18T10:26:45.761100,7791e2be,97,15,18,24,25,36,39,7
2025-01-24,2026-03-18T10:26:45.761100,7791e2be,98,2,3,10,20,23,38,5
2025-01-21,2026-03-18T10:26:45.761100,7791e2be,99,7,8,21,22,26,30,8
2025-01-17,2026-03-18T10:26:45.761100,7791e2be,100,1,6,14,19,27,38,10
2025-01-14,2026-03-18T10:26:45.761100,7791e2be,101,15,16,22,24,31,37,5
2025-01-10,2026-03-18T10:26:45.761100,7791e2be,102,2,5,12,13,21,25,5
2025-01-07,2026-03-18T10:26:45.761100,7791e2be,103,14,18,20,22,27,33,1
2025-01-03,2026-03-18T10:26:45.761100,7791e2be,104,2,10,20,22,25,35,9
2024-12-31,2026-03-18T10:26:45.761100,7791e2be,105,1,7,8,19,28,39,4
2024-12-27,2026-03-18T10:26:45.761100,7791e2be,106,1,5,14,26,28,36,5
2024-12-24,2026-03-18T10:26:45.761100,7791e2be,107,5,17,22,30,31,35,7
2024-12-20,2026-03-18T10:26:45.761100,7791e2be,108,1,2,9,25,39,40,6
2024-12-17,2026-03-18T10:26:45.761100,7791e2be,109,6,10,15,31,33,38,8
2024-12-13,2026-03-18T10:26:45.761100,7791e2be,110,9,10,20,27,31,37,6
2024-12-10,2026-03-18T10:26:45.761100,7791e2be,111,9,11,16,22,23,31,3
2024-12-06,2026-03-18T10:26:45.761100,7791e2be,112,2,3,13,17,26,34,1
2024-12-03,2026-03-18T10:26:45.761100,7791e2be,113,11,15,20,25,26,31,5
2024-11-29,2026-03-18T10:26:45.761100,7791e2be,114,2,4,17,19,22,24,3
2024-11-26,2026-03-18T10:26:45.761100,7791e2be,115,3,6,13,23,24,34,7
2024-11-22,2026-03-18T10:26:45.761100,7791e2be,116,7,9,19,21,22,26,4
2024-11-19,2026-03-18T10:26:45.761100,7791e2be,117,10,12,15,21,31,37,4
2024-11-15,2026-03-18T10:26:45.761100,7791e2be,118,12,15,16,21,32,33,6
2024-11-12,2026-03-18T10:26:45.761100,7791e2be,119,15,16,27,35,36,40,4
2024-11-08,2026-03-18T10:26:45.761100,7791e2be,120,13,18,27,32,33,40,10
2024-11-05,2026-03-18T10:26:45.761100,7791e2be,121,1,6,17,20,28,31,7
2024-11-01,2026-03-18T10:26:45.761100,7791e2be,122,6,7,19,24,35,40,10
2024-10-29,2026-03-18T10:26:45.761100,7791e2be,123,8,13,21,22,32,33,7
2024-10-25,2026-03-18T10:26:45.761100,7791e2be,124,3,12,16,22,25,37,8
2024-10-22,2026-03-18T10:26:45.761100,7791e2be,125,1,7,11,12,35,38,3
2024-10-18,2026-03-18T10:26:45.761100,7791e2be,126,14,18,19,32,35,39,3
2024-10-15,2026-03-18T10:26:45.761100,7791e2be,127,1,11,14,16,25,34,6
2024-10-11,2026-03-18T10:26:45.761100,7791e2be,128,11,17,24,29,32,34,1
2024-10-08,2026-03-18T10:26:45.761100,7791e2be,129,6,11,17,18,26,27,6
2024-10-04,2026-03-18T10:26:45.761100,7791e2be,130,4,9,10,16,26,31,1
2024-10-01,2026-03-18T10:26:45.761100,7791e2be,131,2,7,10,23,24,27,4
2024-09-27,2026-03-18T10:26:45.761100,7791e2be,132,5,14,18,21,24,40,2
2024-09-24,2026-03-18T10:26:45.761100,7791e2be,133,13,16,20,21,28,39,5
2024-09-20,2026-03-18T10:26:45.761100,7791e2be,134,5,11,14,20,28,33,1
2024-09-17,2026-03-18T10:26:45.761100,7791e2be,135,14,17,24,26,27,40,7
2024-09-13,2026-03-18T10:26:45.761100,7791e2be,136,2,5,8,13,30,33,7
2024-09-10,2026-03-18T10:26:45.761100,7791e2be,137,1,2,10,22,29,37,8
2024-09-06,2026-03-18T10:26:45.761100,7791e2be,138,1,4,20,22,29,36,1
2024-09-03,2026-03-18T10:26:45.761100,7791e2be,139,5,7,8,10,33,36,2
2024-08-30,2026-03-18T10:26:45.761100,7791e2be,140,1,18,22,32,35,36,8
2024-08-27,2026-03-18T10:26:45.761100,7791e2be,141,2,3,17,31,35,40,8
2024-08-23,2026-03-18T10:26:45.761100,7791e2be,142,16,17,26,30,34,37,5
2024-08-20,2026-03-18T10:26:45.761100,7791e2be,143,3,8,13,25,30,35,7
2024-08-16,2026-03-18T10:26:45.761100,7791e2be,144,3,19,22,23,28,32,10
2024-08-13,2026-03-18T10:26:45.761100,7791e2be,145,1,9,14,25,36,39,2
2024-08-09,2026-03-18T10:26:45.761100,7791e2be,146,4,5,18,23,26,34,5
2024-08-06,2026-03-18T10:26:45.761100,7791e2be,147,5,6,19,20,24,39,4
2024-08-02,2026-03-18T10:26:45.761100,7791e2be,148,14,19,23,28,29,39,4
2024-07-30,2026-03-18T10:26:45.761100,7791e2be,149,2,3,8,14,25,31,10
2024-07-26,2026-03-18T10:26:45.761100,7791e2be,150,7,10,14,24,38,39,4
2024-07-23,2026-03-18T10:26:45.761100,7791e2be,151,4,5,13,24,36,40,4
2024-07-19,2026-03-18T10:26:45.761100,7791e2be,152,5,6,9,11,24,40,6
2024-07-16,2026-03-18T10:26:45.761100,7791e2be,153,2,6,11,18,33,39,2
2024-07-12,2026-03-18T10:26:45.761100,7791e2be,154,4,7,13,22,28,36,10
2024-07-09,2026-03-18T10:26:45.761100,7791e2be,155,2,8,12,24,33,39,5
2024-07-05,2026-03-18T10:26:45.761100,7791e2be,156,4,18,27,31,37,39,4
2024-07-02,2026-03-18T10:26:45.761100,7791e2be,157,7,9,14,17,25,38,4
2024-06-28,2026-03-18T10:26:45.761100,7791e2be,158,10,16,26,29,31,40,8
2024-06-25,2026-03-18T10:26:45.761100,7791e2be,159,4,7,22,25,37,40,1
2024-06-21,2026-03-18T10:26:45.761100,7791e2be,160,8,13,20,33,37,38,10
2024-06-18,2026-03-18T10:26:45.761100,7791e2be,161,1,4,22,24,32,35,6
2024-06-14,2026-03-18T10:26:45.761100,7791e2be,162,1,20,28,31,38,40,7
2024-06-11,2026-03-18T10:26:45.761100,7791e2be,163,6,13,19,27,32,39,6
2024-06-07,2026-03-18T10:26:45.761100,7791e2be,164,4,6,21,32,35,39,8
2024-06-04,2026-03-18T10:26:45.761100,7791e2be,165,1,13,24,29,32,37,2
2024-05-31,2026-03-18T10:26:45.761100,7791e2be,166,4,10,17,18,24,29,4
2024-05-28,2026-03-18T10:26:45.761100,7791e2be,167,1,5,14,23,28,35,6
2024-05-24,2026-03-18T10:26:45.761100,7791e2be,168,1,2,10,12,22,25,9
2024-05-21,2026-03-18T10:26:45.761100,7791e2be,169,3,12,16,26,27,38,7
2024-05-17,2026-03-18T10:26:45.761100,7791e2be,170,2,7,27,33,37,40,2
2024-05-14,2026-03-18T10:26:45.761100,7791e2be,171,1,3,10,17,25,34,9
2024-05-10,2026-03-18T10:26:45.761100,7791e2be,172,4,8,13,30,32,37,8
2024-05-07,2026-03-18T10:26:45.761100,7791e2be,173,3,6,8,15,22,39,5
2024-05-03,2026-03-18T10:26:45.761100,7791e2be,174,2,13,17,18,22,38,1
2024-04-30,2026-03-18T10:26:45.761100,7791e2be,175,2,10,11,13,29,34,1
2024-04-26,2026-03-18T10:26:45.761100,7791e2be,176,2,17,21,26,27,37,7
2024-04-23,2026-03-18T10:26:45.761100,7791e2be,177,8,9,12,21,24,28,1
2024-04-19,2026-03-18T10:26:45.761100,7791e2be,178,1,5,12,19,21,40,9
2024-04-16,2026-03-18T10:26:45.761100,7791e2be,179,2,4,20,23,31,34,3
2024-04-12,2026-03-18T10:26:45.761100,7791e2be,180,3,5,8,18,26,39,7
2024-04-09,2026-03-18T10:26:45.761100,7791e2be,181,1,8,9,24,30,32,9
2024-04-05,2026-03-18T10:26:45.761100,7791e2be,182,3,15,20,31,34,40,10
2024-04-02,2026-03-18T10:26:45.761100,7791e2be,183,5,9,22,34,38,39,1
2024-03-29,2026-03-18T10:26:45.761100,7791e2be,184,11,15,24,26,30,36,6
2024-03-26,2026-03-18T10:26:45.761100,7791e2be,185,3,6,12,17,32,39,5
2024-03-22,2026-03-18T10:26:45.761100,7791e2be,186,1,2,18,19,31,39,6
2024-03-19,2026-03-18T10:26:45.761100,7791e2be,187,1,12,17,29,36,40,5
2024-03-15,2026-03-18T10:26:45.761100,7791e2be,188,5,15,26,28,37,38,2
2024-03-12,2026-03-18T10:26:45.761100,7791e2be,189,3,14,19,22,32,38,8
2024-03-08,2026-03-18T10:26:45.761100,7791e2be,190,1,8,11,16,29,32,5
2024-03-05,2026-03-18T10:26:45.761100,7791e2be,191,8,10,23,27,31,32,10
2024-03-01,2026-03-18T10:26:45.761100,7791e2be,192,5,6,20,27,29,40,3
2024-02-27,2026-03-18T10:26:45.761100,7791e2be,193,1,9,21,22,32,38,5
2024-02-23,2026-03-18T10:26:45.761100,7791e2be,194,3,12,23,27,29,36,7
2024-02-20,2026-03-18T10:26:45.761100,7791e2be,195,4,15,16,19,21,38,1
2024-02-16,2026-03-18T10:26:45.761100,7791e2be,196,2,8,17,27,29,39,1
2024-02-13,2026-03-18T10:26:45.761100,7791e2be,197,8,10,12,25,33,39,2
2024-02-09,2026-03-18T10:26:45.761100,7791e2be,198,5,9,11,16,24,34,7
2024-02-06,2026-03-18T10:26:45.761100,7791e2be,199,11,16,19,20,26,39,3
2024-02-02,2026-03-18T10:26:45.761100,7791e2be,200,16,19,20,24,26,37,10
2024-01-30,2026-03-18T10:26:45.761100,7791e2be,201,14,15,21,25,30,38,3
2024-01-26,2026-03-18T10:26:45.761100,7791e2be,202,7,11,22,23,33,36,5
2024-01-23,2026-03-18T10:26:45.761100,7791e2be,203,3,8,16,27,36,40,2
2024-01-19,2026-03-18T10:26:45.761100,7791e2be,204,4,18,21,22,29,32,8
2024-01-16,2026-03-18T10:26:45.761100,7791e2be,205,8,12,17,19,31,34,2
2024-01-12,2026-03-18T10:26:45.761100,7791e2be,206,8,9,15,19,22,23,5
2024-01-09,2026-03-18T10:26:45.761100,7791e2be,207,2,15,17,26,28,37,4
2024-01-05,2026-03-18T10:26:45.761100,7791e2be,208,1,18,19,24,35,36,5
2024-01-02,2026-03-18T10:26:45.761100,7791e2be,209,5,13,23,36,38,39,2
2023-12-29,2026-03-18T10:26:45.761100,7791e2be,210,9,14,15,20,32,36,10
2023-12-26,2026-03-18T10:26:45.761100,7791e2be,211,2,7,19,21,23,36,5
2023-12-22,2026-03-18T10:26:45.761100,7791e2be,212,8,11,14,27,36,39,10
2023-12-19,2026-03-18T10:26:45.761100,7791e2be,213,5,10,13,18,21,38,7
2023-12-15,2026-03-18T10:26:45.761100,7791e2be,214,3,5,17,22,23,38,4
2023-12-12,2026-03-18T10:26:45.761100,7791e2be,215,8,11,17,19,32,35,1
2023-12-08,2026-03-18T10:26:45.761100,7791e2be,216,5,18,25,26,33,37,6
2023-12-05,2026-03-18T10:26:45.761100,7791e2be,217,3,5,12,24,25,28,1
2023-12-01,2026-03-18T10:26:45.761100,7791e2be,218,3,8,17,18,33,38,2
2023-11-28,2026-03-18T10:26:45.761100,7791e2be,219,6,8,13,19,24,33,1
2023-11-24,2026-03-18T10:26:45.761100,7791e2be,220,5,20,24,25,32,34,10
2023-11-21,2026-03-18T10:26:45.761100,7791e2be,221,1,2,16,19,21,40,1
2023-11-17,2026-03-18T10:26:45.761100,7791e2be,222,5,16,25,28,34,39,3
2023-11-14,2026-03-18T10:26:45.761100,7791e2be,223,3,5,6,18,21,27,9
2023-11-10,2026-03-18T10:26:45.761100,7791e2be,224,2,18,25,27,28,38,8
2023-11-07,2026-03-18T10:26:45.761100,7791e2be,225,8,16,19,23,35,38,1
2023-11-03,2026-03-18T10:26:45.761100,7791e2be,226,2,15,20,24,25,39,7
2023-10-31,2026-03-18T10:26:45.761100,7791e2be,227,7,13,16,37,38,40,5
2023-10-27,2026-03-18T10:26:45.761100,7791e2be,228,4,11,15,26,35,39,5
2023-10-24,2026-03-18T10:26:45.761100,7791e2be,229,4,14,18,19,27,36,1
2023-10-20,2026-03-18T10:26:45.761100,7791e2be,230,4,15,23,27,28,39,2
2023-10-17,2026-03-18T10:26:45.761100,7791e2be,231,11,16,19,22,23,39,7
2023-10-13,2026-03-18T10:26:45.761100,7791e2be,232,1,5,13,22,28,35,10
2023-10-10,2026-03-18T10:26:45.761100,7791e2be,233,2,13,14,24,31,35,8
2023-10-06,2026-03-18T10:26:45.761100,7791e2be,234,2,3,10,28,32,39,4
2023-10-03,2026-03-18T10:26:45.761100,7791e2be,235,5,20,24,29,31,35,1
2023-09-29,2026-03-18T10:26:45.761100,7791e2be,236,2,10,19,23,35,38,9
2023-09-26,2026-03-18T10:26:45.761100,7791e2be,237,5,16,19,24,30,32,7
2023-09-22,2026-03-18T10:26:45.761100,7791e2be,238,2,13,18,21,31,34,4
2023-09-19,2026-03-18T10:26:45.761100,7791e2be,239,10,12,14,21,34,39,8
2023-09-15,2026-03-18T10:26:45.761100,7791e2be,240,10,12,15,22,29,38,7
2023-09-12,2026-03-18T10:26:45.761100,7791e2be,241,2,4,13,19,33,39,9
2023-09-08,2026-03-18T10:26:45.761100,7791e2be,242,2,4,7,25,32,35,7
2023-09-05,2026-03-18T10:26:45.761100,7791e2be,243,2,4,5,33,39,40,9
2023-09-01,2026-03-18T10:26:45.761100,7791e2be,244,1,4,10,11,30,40,8
2023-08-29,2026-03-18T10:26:45.761100,7791e2be,245,1,9,17,20,30,34,6
2023-08-25,2026-03-18T10:26:45.761100,7791e2be,246,4,7,9,14,23,28,5
2023-08-22,2026-03-18T10:26:45.761100,7791e2be,247,9,11,15,24,25,40,8
2023-08-18,2026-03-18T10:26:45.761100,7791e2be,248,6,7,22,31,35,36,8
2023-08-15,2026-03-18T10:26:45.761100,7791e2be,249,9,10,23,34,38,39,1
2023-08-11,2026-03-18T10:26:45.761100,7791e2be,250,3,7,11,27,28,30,1
2023-08-08,2026-03-18T10:26:45.761100,7791e2be,251,15,18,23,25,34,37,1
2023-08-04,2026-03-18T10:26:45.761100,7791e2be,252,2,7,15,25,31,34,8
2023-08-01,2026-03-18T10:26:45.761100,7791e2be,253,4,16,22,23,32,37,4
2023-07-28,2026-03-18T10:26:45.761100,7791e2be,254,2,6,21,34,35,39,4
2023-07-25,2026-03-18T10:26:45.761100,7791e2be,255,2,16,26,34,35,37,6
2023-07-21,2026-03-18T10:26:45.761100,7791e2be,256,3,5,7,20,36,38,1
2023-07-18,2026-03-18T10:26:45.761100,7791e2be,257,4,6,17,23,25,32,7
2023-07-14,2026-03-18T10:26:45.761100,7791e2be,258,1,7,10,28,29,40,10
2023-07-11,2026-03-18T10:26:45.761100,7791e2be,259,3,16,17,25,36,38,1
2023-07-07,2026-03-18T10:26:45.761100,7791e2be,260,7,9,10,24,36,37,3
2023-07-04,2026-03-18T10:26:45.761100,7791e2be,261,3,4,17,18,27,32,5
2023-06-30,2026-03-18T10:26:45.761100,7791e2be,262,9,15,17,28,29,40,6
2023-06-27,2026-03-18T10:26:45.761100,7791e2be,263,6,10,11,21,26,30,10
2023-06-23,2026-03-18T10:26:45.761100,7791e2be,264,2,5,12,23,32,39,9
2023-06-20,2026-03-18T10:26:45.761100,7791e2be,265,2,6,15,24,25,31,4
2023-06-16,2026-03-18T10:26:45.761100,7791e2be,266,3,7,15,20,26,36,4
2023-06-13,2026-03-18T10:26:45.761100,7791e2be,267,3,5,10,22,24,28,8
2023-06-09,2026-03-18T10:26:45.761100,7791e2be,268,7,13,23,30,34,39,8
2023-06-06,2026-03-18T10:26:45.761100,7791e2be,269,1,9,15,24,34,39,6
2023-06-02,2026-03-18T10:26:45.761100,7791e2be,270,2,3,10,23,27,29,3
2023-05-30,2026-03-18T10:26:45.761100,7791e2be,271,7,10,17,20,24,25,9
2023-05-26,2026-03-18T10:26:45.761100,7791e2be,272,6,7,14,16,30,37,2
2023-05-23,2026-03-18T10:26:45.761100,7791e2be,273,7,10,11,16,24,30,2
2023-05-19,2026-03-18T10:26:45.761100,7791e2be,274,6,11,15,28,38,40,6
2023-05-16,2026-03-18T10:26:45.761100,7791e2be,275,10,14,16,21,23,31,3
2023-05-12,2026-03-18T10:26:45.761100,7791e2be,276,16,19,22,23,32,40,10
2023-05-09,2026-03-18T10:26:45.761100,7791e2be,277,9,20,23,26,37,39,9
2023-05-05,2026-03-18T10:26:45.761100,7791e2be,278,4,9,13,17,30,40,1
2023-05-02,2026-03-18T10:26:45.761100,7791e2be,279,1,7,10,16,21,28,7
2023-04-28,2026-03-18T10:26:45.761100,7791e2be,280,1,6,21,26,32,35,2
2023-04-25,2026-03-18T10:26:45.761100,7791e2be,281,5,8,10,17,21,25,7
2023-04-21,2026-03-18T10:26:45.761100,7791e2be,282,1,13,19,21,30,38,4
2023-04-18,2026-03-18T10:26:45.761100,7791e2be,283,3,11,24,30,33,38,1
2023-04-14,2026-03-18T10:26:45.761100,7791e2be,284,5,10,11,21,27,38,5
2023-04-11,2026-03-18T10:26:45.761100,7791e2be,285,3,10,20,25,29,39,6
2023-04-07,2026-03-18T10:26:45.761100,7791e2be,286,1,3,8,21,35,36,1
2023-04-04,2026-03-18T10:26:45.761100,7791e2be,287,7,18,22,28,33,40,8
2023-03-31,2026-03-18T10:26:45.761100,7791e2be,288,1,6,9,14,27,29,2
2023-03-28,2026-03-18T10:26:45.761100,7791e2be,289,3,6,8,17,29,35,5
2023-03-24,2026-03-18T10:26:45.761100,7791e2be,290,11,14,22,26,31,37,2
2023-03-21,2026-03-18T10:26:45.761100,7791e2be,291,7,10,21,36,38,40,1
2023-03-17,2026-03-18T10:26:45.761100,7791e2be,292,2,3,5,13,27,30,1
2023-03-14,2026-03-18T10:26:45.761100,7791e2be,293,2,9,11,27,29,30,7
2023-03-10,2026-03-18T10:26:45.761100,7791e2be,294,3,4,6,16,34,39,1
2023-03-07,2026-03-18T10:26:45.761100,7791e2be,295,1,5,9,18,24,32,8
2023-03-03,2026-03-18T10:26:45.761100,7791e2be,296,12,13,21,25,26,39,8
2023-02-28,2026-03-18T10:26:45.761100,7791e2be,297,8,9,11,19,30,35,10
2023-02-24,2026-03-18T10:26:45.761100,7791e2be,298,2,3,20,21,32,34,6
2023-02-21,2026-03-18T10:26:45.761100,7791e2be,299,11,12,20,22,36,39,3
2023-02-17,2026-03-18T10:26:45.761100,7791e2be,300,3,10,18,22,29,35,5
2023-02-14,2026-03-18T10:26:45.761100,7791e2be,301,11,14,23,31,39,40,5
2023-02-10,2026-03-18T10:26:45.761100,7791e2be,302,3,9,20,24,26,34,7
2023-02-07,2026-03-18T10:26:45.761100,7791e2be,303,6,7,17,18,22,33,4
2023-02-03,2026-03-18T10:26:45.761100,7791e2be,304,6,15,17,22,30,31,9
2023-01-31,2026-03-18T10:26:45.761100,7791e2be,305,10,16,21,22,24,31,3
2023-01-27,2026-03-18T10:26:45.761100,7791e2be,306,1,12,28,35,37,39,2
2023-01-24,2026-03-18T10:26:45.761100,7791e2be,307,7,14,16,19,23,31,4
2023-01-20,2026-03-18T10:26:45.761100,7791e2be,308,3,8,17,19,25,34,10
2023-01-17,2026-03-18T10:26:45.761100,7791e2be,309,9,10,31,33,34,40,7
2023-01-13,2026-03-18T10:26:45.761100,7791e2be,310,3,5,8,10,29,40,7
2023-01-10,2026-03-18T10:26:45.761100,7791e2be,311,6,10,12,27,36,39,6
2023-01-06,2026-03-18T10:26:45.761100,7791e2be,312,2,7,17,23,32,33,7
2023-01-03,2026-03-18T10:26:45.761100,7791e2be,313,1,9,15,20,26,29,5
2022-12-30,2026-03-18T10:26:45.761100,7791e2be,314,1,11,17,23,24,30,8
2022-12-27,2026-03-18T10:26:45.761100,7791e2be,315,9,14,15,20,28,38,7
2022-12-23,2026-03-18T10:26:45.761100,7791e2be,316,7,9,11,20,27,28,7
2022-12-20,2026-03-18T10:26:45.761100,7791e2be,317,8,9,18,19,25,26,8
2022-12-16,2026-03-18T10:26:45.761100,7791e2be,318,6,11,16,21,29,32,4
2022-12-13,2026-03-18T10:26:45.761100,7791e2be,319,3,6,10,12,27,38,9
2022-12-09,2026-03-18T10:26:45.761100,7791e2be,320,1,12,17,22,23,35,1
2022-12-06,2026-03-18T10:26:45.761100,7791e2be,321,8,17,22,28,35,37,7
2022-12-02,2026-03-18T10:26:45.761100,7791e2be,322,8,16,17,27,29,38,10
2022-11-29,2026-03-18T10:26:45.761100,7791e2be,323,1,3,5,20,34,35,10
2022-11-25,2026-03-18T10:26:45.761100,7791e2be,324,4,6,11,25,28,39,2
2022-11-22,2026-03-18T10:26:45.761100,7791e2be,325,3,12,18,22,23,39,8
2022-11-18,2026-03-18T10:26:45.761100,7791e2be,326,7,11,20,24,29,36,10
2022-11-15,2026-03-18T10:26:45.761100,7791e2be,327,1,19,25,26,28,34,10
2022-11-11,2026-03-18T10:26:45.761100,7791e2be,328,1,12,13,16,21,30,6
2022-11-08,2026-03-18T10:26:45.761100,7791e2be,329,7,11,15,20,29,40,1
2022-11-04,2026-03-18T10:26:45.761100,7791e2be,330,3,9,13,18,28,38,2
2022-11-01,2026-03-18T10:26:45.761100,7791e2be,331,4,12,18,21,34,35,8
2022-10-28,2026-03-18T10:26:45.761100,7791e2be,332,5,19,22,28,29,33,6
2022-10-25,2026-03-18T10:26:45.761100,7791e2be,333,2,3,7,20,26,32,4
2022-10-21,2026-03-18T10:26:45.761100,7791e2be,334,4,8,10,19,35,39,10
2022-10-18,2026-03-18T10:26:45.761100,7791e2be,335,5,14,23,26,31,38,2
2022-10-14,2026-03-18T10:26:45.761100,7791e2be,336,1,12,16,33,37,39,6
2022-10-11,2026-03-18T10:26:45.761100,7791e2be,337,3,10,15,16,22,26,9
2022-10-07,2026-03-18T10:26:45.761100,7791e2be,338,6,10,11,25,27,31,7
2022-10-04,2026-03-18T10:26:45.761100,7791e2be,339,1,8,18,20,25,33,2
2022-09-30,2026-03-18T10:26:45.761100,7791e2be,340,3,6,9,13,33,38,4
2022-09-27,2026-03-18T10:26:45.761100,7791e2be,341,1,13,14,22,31,40,4
2022-09-23,2026-03-18T10:26:45.761100,7791e2be,342,1,4,7,20,31,40,4
2022-09-20,2026-03-18T10:26:45.761100,7791e2be,343,19,20,22,26,32,35,8
2022-09-16,2026-03-18T10:26:45.761100,7791e2be,344,11,12,16,25,31,38,6
2022-09-13,2026-03-18T10:26:45.761100,7791e2be,345,9,16,24,33,37,38,9
2022-09-09,2026-03-18T10:26:45.761100,7791e2be,346,2,5,12,20,27,28,6
2022-09-06,2026-03-18T10:26:45.761100,7791e2be,347,1,9,20,30,38,39,4
2022-09-02,2026-03-18T10:26:45.761100,7791e2be,348,3,7,8,15,22,32,1
2022-08-30,2026-03-18T10:26:45.761100,7791e2be,349,1,4,21,22,36,38,6
2022-08-26,2026-03-18T10:26:45.761100,7791e2be,350,6,11,20,26,31,40,10
2022-08-23,2026-03-18T10:26:45.761100,7791e2be,351,5,9,17,19,22,36,1
2022-08-19,2026-03-18T10:26:45.761100,7791e2be,352,3,10,23,24,32,38,8
2022-08-16,2026-03-18T10:26:45.761100,7791e2be,353,1,14,18,20,24,27,6
2022-08-12,2026-03-18T10:26:45.761100,7791e2be,354,10,11,13,21,26,29,8
2022-08-09,2026-03-18T10:26:45.761100,7791e2be,355,6,17,20,22,39,40,4
2022-08-05,2026-03-18T10:26:45.761100,7791e2be,356,7,8,13,17,35,38,3
2022-08-02,2026-03-18T10:26:45.761100,7791e2be,357,4,11,16,35,38,39,1
2022-07-29,2026-03-18T10:26:45.761100,7791e2be,358,16,17,20,30,35,36,1
2022-07-26,2026-03-18T10:26:45.761100,7791e2be,359,6,7,15,28,30,33,9
2022-07-22,2026-03-18T10:26:45.761100,7791e2be,360,2,8,11,17,29,31,10
2022-07-19,2026-03-18T10:26:45.761100,7791e2be,361,7,8,17,23,32,36,2
2022-07-15,2026-03-18T10:26:45.761100,7791e2be,362,2,8,13,17,27,28,2
2022-07-12,2026-03-18T10:26:45.761100,7791e2be,363,7,8,10,13,25,34,10
2022-07-08,2026-03-18T10:26:45.761100,7791e2be,364,3,5,10,16,30,39,6
2022-07-05,2026-03-18T10:26:45.761100,7791e2be,365,7,9,19,22,33,40,3
2022-07-01,2026-03-18T10:26:45.761100,7791e2be,366,2,13,16,31,33,37,5
2022-06-28,2026-03-18T10:26:45.761100,7791e2be,367,5,8,13,19,31,32,9
2022-06-24,2026-03-18T10:26:45.761100,7791e2be,368,1,2,14,31,34,37,7
2022-06-21,2026-03-18T10:26:45.761100,7791e2be,369,3,11,12,30,37,40,8
2022-06-17,2026-03-18T10:26:45.761100,7791e2be,370,9,17,22,23,34,40,6
2022-06-14,2026-03-18T10:26:45.761100,7791e2be,371,18,19,23,27,31,36,7
2022-06-10,2026-03-18T10:26:45.761100,7791e2be,372,5,6,19,24,33,39,8
2022-06-07,2026-03-18T10:26:45.761100,7791e2be,373,11,15,19,20,24,32,1
2022-06-03,2026-03-18T10:26:45.761100,7791e2be,374,5,6,8,29,36,40,9
2022-05-31,2026-03-18T10:26:45.761100,7791e2be,375,7,9,16,18,21,39,2
2022-05-27,2026-03-18T10:26:45.761100,7791e2be,376,2,7,21,28,33,40,2
2022-05-24,2026-03-18T10:26:45.761100,7791e2be,377,1,2,5,10,23,36,5
2022-05-20,2026-03-18T10:26:45.761100,7791e2be,378,4,9,10,15,23,30,1
2022-05-17,2026-03-18T10:26:45.761100,7791e2be,379,3,8,16,20,33,39,2
2022-05-13,2026-03-18T10:26:45.761100,7791e2be,380,2,6,10,17,31,39,1
2022-05-10,2026-03-18T10:26:45.761100,7791e2be,381,1,10,11,18,23,32,6
2022-05-06,2026-03-18T10:26:45.761100,7791e2be,382,7,15,23,27,34,36,4
2022-05-03,2026-03-18T10:26:45.761100,7791e2be,383,12,17,24,33,35,39,5
2022-04-29,2026-03-18T10:26:45.761100,7791e2be,384,14,16,21,28,29,39,6
2022-04-26,2026-03-18T10:26:45.761100,7791e2be,385,7,20,22,29,36,39,10
2022-04-22,2026-03-18T10:26:45.761100,7791e2be,386,2,6,22,34,35,37,5
2022-04-19,2026-03-18T10:26:45.761100,7791e2be,387,16,19,20,26,27,36,9
2022-04-15,2026-03-18T10:26:45.761100,7791e2be,388,11,15,31,35,36,40,5
2022-04-12,2026-03-18T10:26:45.761100,7791e2be,389,1,8,18,27,31,34,2
2022-04-08,2026-03-18T10:26:45.761100,7791e2be,390,7,9,15,17,30,34,6
2022-04-05,2026-03-18T10:26:45.761100,7791e2be,391,2,6,13,15,24,38,6
2022-04-01,2026-03-18T10:26:45.761100,7791e2be,392,2,11,15,18,29,35,8
2022-03-29,2026-03-18T10:26:45.761100,7791e2be,393,18,20,23,32,34,35,1
2022-03-25,2026-03-18T10:26:45.761100,7791e2be,394,1,3,4,18,22,28,2
2022-03-22,2026-03-18T10:26:45.761100,7791e2be,395,6,14,21,26,28,39,9
2022-03-18,2026-03-18T10:26:45.761100,7791e2be,396,1,10,19,21,26,27,8
2022-03-15,2026-03-18T10:26:45.761100,7791e2be,397,1,4,10,18,27,36,4
2022-03-11,2026-03-18T10:26:45.761100,7791e2be,398,10,11,17,22,36,40,5
2022-03-08,2026-03-18T10:26:45.761100,7791e2be,399,10,11,20,24,28,37,2
2022-03-04,2026-03-18T10:26:45.761100,7791e2be,400,1,6,18,22,29,33,7
2022-03-01,2026-03-18T10:26:45.761100,7791e2be,401,4,10,19,23,24,27,2
2022-02-25,2026-03-18T10:26:45.761100,7791e2be,402,5,9,26,28,29,34,4
2022-02-22,2026-03-18T10:26:45.761100,7791e2be,403,6,19,23,29,30,35,8
2022-02-18,2026-03-18T10:26:45.761100,7791e2be,404,16,17,32,37,38,40,5
2022-02-15,2026-03-18T10:26:45.761100,7791e2be,405,1,14,17,23,24,29,4
2022-02-11,2026-03-18T10:26:45.761100,7791e2be,406,17,20,21,27,33,34,4
2022-02-08,2026-03-18T10:26:45.761100,7791e2be,407,7,9,19,24,28,40,8
2022-02-04,2026-03-18T10:26:45.761100,7791e2be,408,6,11,27,31,32,34,5
2022-02-01,2026-03-18T10:26:45.761100,7791e2be,409,3,5,19,24,35,40,8
2022-01-28,2026-03-18T10:26:45.761100,7791e2be,410,2,18,20,27,30,31,1
2022-01-25,2026-03-18T10:26:45.761100,7791e2be,411,8,10,19,30,31,37,9
2022-01-21,2026-03-18T10:26:45.761100,7791e2be,412,3,8,24,25,32,36,2
2022-01-18,2026-03-18T10:26:45.761100,7791e2be,413,7,12,16,20,25,34,4
2022-01-14,2026-03-18T10:26:45.761100,7791e2be,414,5,8,21,22,24,32,5
2022-01-11,2026-03-18T10:26:45.761100,7791e2be,415,9,19,26,28,37,38,2
2022-01-07,2026-03-18T10:26:45.761100,7791e2be,416,5,16,20,24,37,40,1
2022-01-04,2026-03-18T10:26:45.761100,7791e2be,417,6,10,12,19,25,29,1
2021-12-31,2026-03-18T10:26:45.761100,7791e2be,418,6,9,11,17,28,40,1
2021-12-28,2026-03-18T10:26:45.761100,7791e2be,419,3,16,18,31,35,38,1
2021-12-24,2026-03-18T10:26:45.761100,7791e2be,420,3,9,20,24,29,37,2
2021-12-21,2026-03-18T10:26:45.761100,7791e2be,421,1,4,10,15,21,33,5
2021-12-17,2026-03-18T10:26:45.761100,7791e2be,422,3,16,28,31,34,39,4
2021-12-14,2026-03-18T10:26:45.761100,7791e2be,423,2,12,13,17,22,37,10
2021-12-10,2026-03-18T10:26:45.761100,7791e2be,424,18,19,26,30,34,35,10
2021-12-07,2026-03-18T10:26:45.761100,7791e2be,425,6,9,18,24,28,35,8
2021-12-03,2026-03-18T10:26:45.761100,7791e2be,426,11,18,22,24,30,39,10
2021-11-30,2026-03-18T10:26:45.761100,7791e2be,427,5,15,20,25,28,37,4
2021-11-26,2026-03-18T10:26:45.761100,7791e2be,428,9,14,20,30,35,39,1
2021-11-23,2026-03-18T10:26:45.761100,7791e2be,429,1,3,23,24,32,33,6
2021-11-19,2026-03-18T10:26:45.761100,7791e2be,430,7,15,23,25,26,34,3
2021-11-16,2026-03-18T10:26:45.761100,7791e2be,431,1,3,18,25,34,36,1
2021-11-12,2026-03-18T10:26:45.761100,7791e2be,432,8,11,12,14,22,25,5
2021-11-09,2026-03-18T10:26:45.761100,7791e2be,433,8,13,15,30,37,40,8
2021-11-05,2026-03-18T10:26:45.761100,7791e2be,434,2,9,14,29,34,36,5
2021-11-02,2026-03-18T10:26:45.761100,7791e2be,435,9,18,20,27,30,31,3
2021-10-29,2026-03-18T10:26:45.761100,7791e2be,436,9,16,20,32,34,37,10
2021-10-26,2026-03-18T10:26:45.761100,7791e2be,437,1,2,11,12,24,26,8
2021-10-22,2026-03-18T10:26:45.761100,7791e2be,438,7,15,22,25,26,33,8
2021-10-19,2026-03-18T10:26:45.761100,7791e2be,439,3,8,13,14,31,39,7
2021-10-15,2026-03-18T10:26:45.761100,7791e2be,440,3,8,25,30,31,34,1
2021-10-12,2026-03-18T10:26:45.761100,7791e2be,441,9,10,13,34,37,39,6
2021-10-08,2026-03-18T10:26:45.761100,7791e2be,442,1,6,13,23,26,32,6
2021-10-05,2026-03-18T10:26:45.761100,7791e2be,443,3,10,11,21,22,37,8
2021-10-01,2026-03-18T10:26:45.761100,7791e2be,444,2,3,29,32,38,40,8
2021-09-28,2026-03-18T10:26:45.761100,7791e2be,445,4,7,10,19,21,33,5
2021-09-24,2026-03-18T10:26:45.761100,7791e2be,446,12,13,19,21,24,34,3
2021-09-21,2026-03-18T10:26:45.761100,7791e2be,447,3,9,11,12,22,35,1
2021-09-17,2026-03-18T10:26:45.761100,7791e2be,448,1,9,22,23,27,32,6
2021-09-14,2026-03-18T10:26:45.761100,7791e2be,449,3,5,19,24,27,34,5
2021-09-10,2026-03-18T10:26:45.761100,7791e2be,450,4,7,9,11,24,25,9
2021-09-07,2026-03-18T10:26:45.761100,7791e2be,451,3,16,24,27,28,39,1
2021-09-03,2026-03-18T10:26:45.761100,7791e2be,452,1,11,14,26,27,40,8
2021-08-31,2026-03-18T10:26:45.761100,7791e2be,453,2,11,18,32,34,37,7
2021-08-27,2026-03-18T10:26:45.761100,7791e2be,454,11,19,22,26,30,36,3
2021-08-24,2026-03-18T10:26:45.761100,7791e2be,455,4,8,12,25,29,33,9
2021-08-20,2026-03-18T10:26:45.761100,7791e2be,456,10,16,17,25,26,31,3
2021-08-17,2026-03-18T10:26:45.761100,7791e2be,457,6,11,16,19,32,37,2
2021-08-13,2026-03-18T10:26:45.761100,7791e2be,458,10,18,19,25,26,36,3
2021-08-10,2026-03-18T10:26:45.761100,7791e2be,459,2,15,21,32,34,35,3
2021-08-06,2026-03-18T10:26:45.761100,7791e2be,460,2,14,19,27,28,34,8
2021-08-03,2026-03-18T10:26:45.761100,7791e2be,461,4,13,20,23,25,34,10
2021-07-30,2026-03-18T10:26:45.761100,7791e2be,462,12,17,20,28,30,39,8
2021-07-27,2026-03-18T10:26:45.761100,7791e2be,463,2,13,19,20,29,33,7
2021-07-23,2026-03-18T10:26:45.761100,7791e2be,464,13,17,19,27,30,36,7
2021-07-20,2026-03-18T10:26:45.761100,7791e2be,465,2,5,18,29,31,32,6
2021-07-16,2026-03-18T10:26:45.761100,7791e2be,466,11,20,27,34,35,37,6
2021-07-13,2026-03-18T10:26:45.761100,7791e2be,467,15,17,22,27,29,38,6
2021-07-09,2026-03-18T10:26:45.761100,7791e2be,468,7,13,25,26,28,31,5
2021-07-06,2026-03-18T10:26:45.761100,7791e2be,469,5,10,11,19,22,28,9
2021-07-02,2026-03-18T10:26:45.761100,7791e2be,470,1,2,25,27,32,36,5
2021-06-29,2026-03-18T10:26:45.761100,7791e2be,471,8,13,15,23,29,36,3
2021-06-25,2026-03-18T10:26:45.761100,7791e2be,472,2,4,13,29,38,40,10
2021-06-22,2026-03-18T10:26:45.761100,7791e2be,473,1,2,6,24,30,35,4
2021-06-18,2026-03-18T10:26:45.761100,7791e2be,474,3,4,12,31,34,37,1
2021-06-15,2026-03-18T10:26:45.761100,7791e2be,475,4,11,23,24,31,33,2
2021-06-11,2026-03-18T10:26:45.761100,7791e2be,476,12,17,22,23,25,39,5
2021-06-08,2026-03-18T10:26:45.761100,7791e2be,477,6,10,25,29,39,40,8
2021-06-04,2026-03-18T10:26:45.761100,7791e2be,478,5,9,10,17,28,37,9
2021-06-01,2026-03-18T10:26:45.761100,7791e2be,479,2,16,21,22,30,39,1
2021-05-28,2026-03-18T10:26:45.761100,7791e2be,480,1,2,13,20,29,36,7
2021-05-25,2026-03-18T10:26:45.761100,7791e2be,481,5,12,23,29,30,34,6
2021-05-21,2026-03-18T10:26:45.761100,7791e2be,482,11,13,16,23,24,38,7
2021-05-18,2026-03-18T10:26:45.761100,7791e2be,483,5,7,8,28,29,34,4
2021-05-14,2026-03-18T10:26:45.761100,7791e2be,484,1,18,22,23,27,34,2
2021-05-11,2026-03-18T10:26:45.761100,7791e2be,485,15,18,25,27,28,31,5
2021-05-07,2026-03-18T10:26:45.761100,7791e2be,486,11,13,18,20,28,38,10
2021-05-04,2026-03-18T10:26:45.761100,7791e2be,487,7,8,17,21,34,36,3
2021-04-30,2026-03-18T10:26:45.761100,7791e2be,488,4,10,17,32,37,40,8
2021-04-27,2026-03-18T10:26:45.761100,7791e2be,489,3,16,24,26,29,39,3
2021-04-23,2026-03-18T10:26:45.761100,7791e2be,490,5,19,21,26,30,39,5
2021-04-20,2026-03-18T10:26:45.761100,7791e2be,491,2,5,12,15,30,36,2
2021-04-16,2026-03-18T10:26:45.761100,7791e2be,492,4,14,16,25,38,39,10
2021-04-13,2026-03-18T10:26:45.761100,7791e2be,493,3,8,16,21,22,28,2
2021-04-09,2026-03-18T10:26:45.761100,7791e2be,494,1,7,8,12,21,36,2
2021-04-06,2026-03-18T10:26:45.761100,7791e2be,495,3,6,19,20,25,28,6
2021-04-02,2026-03-18T10:26:45.761100,7791e2be,496,1,13,16,21,24,28,5
2021-03-30,2026-03-18T10:26:45.761100,7791e2be,497,3,12,18,21,24,27,8
2021-03-26,2026-03-18T10:26:45.761100,7791e2be,498,2,7,14,18,21,28,2
2021-03-23,2026-03-18T10:26:45.761100,7791e2be,499,12,13,27,30,34,40,9
2021-03-19,2026-03-18T10:26:45.761100,7791e2be,500,7,16,20,23,32,37,5
